{"stats":{"minecraft:broken":{"minecraft:iron_sword":3,"minecraft:iron_hoe":4,"minecraft:iron_axe":3,"minecraft:iron_pickaxe":4,"moretools:iron_excavator":5,"minecraft:iron_shovel":4,"minecraft:stone_pickaxe":3,"moretools:iron_hammer":2,"minecraft:diamond_hoe":1,"moretools:iron_saw":1},"minecraft:crafted":{"minecraft:smooth_stone":31,"travelersbackpack:crafting_upgrade":1,"moretools:iron_excavator":7,"travelersbackpack:enderman":4,"minecraft:lever":7,"minecraft:cooked_mutton":8,"minecraft:glass":302,"minecraft:diamond_helmet":1,"minecraft:repeater":1,"minecraft:diamond_leggings":1,"minecraft:glass_bottle":177,"minecraft:cooked_porkchop":52,"minecraft:diamond_axe":2,"farmersdelight:chicken_sandwich":28,"minecraft:smithing_table":1,"minecraft:copper_ingot":32,"minecraft:campfire":1,"betternether:rubeus_chest":2,"moretools:diamond_hammer":1,"minecraft:crafter":6,"minecraft:stone_slab":6,"minecraft:iron_pickaxe":18,"minecraft:iron_block":108,"minecraft:gold_ingot":40,"minecraft:composter":2,"minecraft:golden_carrot":31,"betternether:anchor_tree_planks":272,"minecraft:iron_nugget":4,"minecraft:bone_meal":354,"travelersbackpack:gold_tier_upgrade":1,"minecraft:white_carpet":3,"travelersbackpack:blank_upgrade":4,"moretools:iron_saw":1,"minecraft:ladder":36,"betternether:flaming_ruby_sword":1,"minecraft:stone_pickaxe":2,"minecraft:diamond_boots":1,"minecraft:wheat":823,"minecraft:coal_block":3,"farmersdelight:hamburger":87,"betternether:anchor_tree_chest":3,"minecraft:birch_trapdoor":4,"minecraft:iron_leggings":3,"minecraft:iron_shovel":28,"minecraft:oak_planks":1088,"minecraft:cooked_chicken":5,"travelersbackpack:hose_nozzle":1,"minecraft:stone":41,"minecraft:hopper":33,"minecraft:bow":2,"minecraft:iron_boots":3,"minecraft:comparator":1,"minecraft:chest":91,"minecraft:oak_button":2,"minecraft:oak_fence":63,"minecraft:smoker":11,"farmersdelight:tomato_seeds":43,"minecraft:dropper":6,"minecraft:oak_slab":24,"travelersbackpack:iron_tier_upgrade":1,"minecraft:arrow":212,"minecraft:cauldron":10,"minecraft:crafting_table":12,"minecraft:iron_helmet":2,"minecraft:baked_potato":15,"minecraft:gold_block":2,"minecraft:birch_planks":76,"minecraft:pumpkin_seeds":264,"betternether:rubeus_planks":32,"minecraft:dispenser":3,"minecraft:diamond_pickaxe":5,"minecraft:book":12,"minecraft:iron_chestplate":2,"minecraft:paper":159,"minecraft:charcoal":227,"minecraft:emerald_block":4,"minecraft:shield":6,"minecraft:stick":440,"minecraft:iron_ingot":599,"minecraft:redstone_torch":6,"betternether:anchor_tree_boat":3,"minecraft:furnace":30,"minecraft:stone_button":2,"minecraft:blast_furnace":5,"minecraft:glass_pane":128,"minecraft:flint_and_steel":1,"minecraft:iron_axe":16,"minecraft:iron_hoe":7,"betternether:rubeus_boat":1,"travelersbackpack:diamond_tier_upgrade":1,"minecraft:observer":1,"travelersbackpack:hose":1,"minecraft:cooked_beef":55,"minecraft:bone_block":55,"minecraft:diamond_sword":2,"travelersbackpack:backpack_tank":2,"minecraft:iron_sword":2,"minecraft:cooked_salmon":3,"minecraft:bucket":45,"minecraft:stone_axe":2,"minecraft:air":0,"minecraft:bread":276,"moretools:iron_hammer":2,"minecraft:gold_nugget":253,"minecraft:white_dye":1,"betternether:anchor_tree_bookshelf":12,"minecraft:anvil":1,"minecraft:torch":404,"minecraft:diamond_chestplate":1},"minecraft:killed_by":{"minecraft:piglin":2,"minecraft:enderman":1,"minecraft:skeleton":3},"minecraft:custom":{"minecraft:interact_with_crafting_table":256,"minecraft:open_barrel":43,"minecraft:bell_ring":7,"minecraft:leave_game":66,"minecraft:time_since_death":382054,"minecraft:damage_blocked_by_shield":4762,"minecraft:play_time":2753063,"minecraft:deaths":11,"minecraft:jump":9903,"minecraft:enchant_item":11,"minecraft:interact_with_furnace":210,"minecraft:sleep_in_bed":132,"minecraft:damage_dealt":54758,"minecraft:interact_with_smoker":56,"minecraft:interact_with_smithing_table":12,"minecraft:inspect_dispenser":18,"minecraft:interact_with_anvil":14,"minecraft:inspect_hopper":66,"enchanting_reimagined:interact_with_enchanting_workstation":27,"minecraft:sneak_time":63670,"minecraft:interact_with_blast_furnace":53,"minecraft:total_world_time":2753063,"minecraft:interact_with_stonecutter":1,"minecraft:time_since_rest":103663,"minecraft:swim_one_cm":63547,"minecraft:fly_one_cm":638641,"minecraft:open_chest":1559,"minecraft:fall_one_cm":161113,"minecraft:animals_bred":314,"minecraft:sprint_one_cm":6613125,"minecraft:drop":1214,"minecraft:talked_to_villager":20,"minecraft:walk_on_water_one_cm":147885,"enchanting_reimagined:craft_in_enchanting_workstation":18,"minecraft:crouch_one_cm":120658,"minecraft:mob_kills":1716,"minecraft:climb_one_cm":73362,"minecraft:walk_one_cm":5993392,"minecraft:walk_under_water_one_cm":161715,"minecraft:boat_one_cm":302385,"minecraft:damage_taken":15653},"minecraft:picked_up":{"minecraft:iron_chestplate":6,"minecraft:chainmail_boots":2,"minecraft:lead":12,"minecraft:diamond_sword":2,"betternether:eye_seed":18,"minecraft:enchanted_book":4,"minecraft:brewing_stand":1,"betternether:nether_reed_stem":31,"betternether:agave":4,"farmersdelight:cutting_board":2,"minecraft:string":99,"minecraft:beetroot":1222,"minecraft:diamond_leggings":4,"minecraft:gold_nugget":69,"minecraft:cobbled_deepslate":1652,"travelersbackpack:enderman":2,"minecraft:trial_key":7,"minecraft:coal_block":21,"minecraft:golden_helmet":4,"minecraft:composter":2,"betternether:cincinnasite_pickaxe_diamond":2,"minecraft:waxed_copper_grate":2,"minecraft:orange_bed":1,"friendsandfoes:crab_claw":1,"minecraft:honey_bottle":3,"farmersdelight:onion":232,"minecraft:iron_block":10,"minecraft:blaze_rod":3,"minecraft:birch_log":54,"betternether:anchor_tree_boat":3,"minecraft:feather":38,"minecraft:cooked_beef":100,"betternether:jungle_moss":24,"minecraft:water_bucket":14,"minecraft:brown_wool":2,"betternether:rubeus_sapling":3,"minecraft:flint":86,"moretools:iron_excavator":1,"betternether:magma_flower":1,"farmersdelight:tomato":157,"betternether:lucis_spore":20,"betternether:black_vine":2,"minecraft:diamond_helmet":4,"minecraft:glowstone_dust":6,"betternether:weeping_obsidian":1,"minecraft:warped_wart_block":26,"betternether:wall_moss":1,"minecraft:ink_sac":15,"minecraft:barrel":2,"minecraft:iron_hoe":11,"minecraft:dispenser":3,"minecraft:lever":21,"betternether:cincinnasite_lantern":1,"minecraft:granite":370,"minecraft:chainmail_helmet":1,"minecraft:bread":36,"minecraft:dark_oak_fence":1,"minecraft:diamond_pickaxe":3,"minecraft:crimson_roots":8,"minecraft:crafting_table":4,"minecraft:nether_wart":10,"minecraft:clay_ball":8,"minecraft:leather_leggings":5,"minecraft:wind_charge":46,"minecraft:flint_and_steel":5,"minecraft:white_carpet":2,"minecraft:iron_shovel":5,"farmersdelight:beef_patty":2,"minecraft:beef":65,"minecraft:jungle_sapling":2,"minecraft:poppy":46,"betternether:giant_mold_sapling":7,"betternether:netherrack_stalactite":1,"minecraft:chest":41,"minecraft:birch_sapling":29,"minecraft:waxed_oxidized_copper":1,"minecraft:diamond_hoe":3,"minecraft:egg":30,"minecraft:sandstone":32,"minecraft:stone":4,"minecraft:oak_door":1,"farmersdelight:minced_beef":170,"betternether:nether_sakura_bark":2,"minecraft:fire_charge":20,"betternether:rubeus_log":1,"farmersdelight:tomato_seeds":3,"betternether:nether_reed_planks":2,"betternether:anchor_tree_planks":156,"minecraft:carrot":7191,"minecraft:redstone":209,"minecraft:tnt":9,"betternether:anchor_tree_log":183,"betternether:cincinnasite_stairs":15,"minecraft:diamond_chestplate":4,"farmersdelight:cooked_chicken_cuts":28,"minecraft:beetroot_seeds":3199,"minecraft:diamond_boots":4,"minecraft:hay_block":99,"minecraft:gold_ingot":95,"minecraft:mutton":39,"minecraft:white_wool":20,"minecraft:bone_block":21,"betternether:obsidian_glass":1,"minecraft:red_mushroom":17,"minecraft:crafter":10,"betternether:cincinnasite_pot":10,"minecraft:oak_log":1042,"minecraft:golden_boots":11,"minecraft:apple":31,"minecraft:kelp":39,"minecraft:warped_stem":24,"betternether:jellyfish_mushroom_sapling":2,"minecraft:stone_pickaxe":1,"travelersbackpack:skeleton":1,"minecraft:glass_bottle":398,"minecraft:iron_sword":5,"betternether:anchor_tree_bark":13,"minecraft:gravel":572,"minecraft:crying_obsidian":1,"betternether:cincinnasite_forged":6,"farmersdelight:cabbage_leaf":100,"betternether:cincinnasite_ingot":1,"minecraft:leather_helmet":5,"travelersbackpack:standard":4,"minecraft:purple_bed":1,"minecraft:slime_ball":33,"minecraft:stone_axe":4,"minecraft:diamond_axe":9,"chunkloaders:basic_chunk_loader":4,"minecraft:warped_roots":4,"minecraft:oak_button":6,"minecraft:baked_potato":15,"minecraft:warped_nylium":2,"minecraft:hopper":23,"minecraft:ender_pearl":7,"minecraft:wheat":1906,"minecraft:nether_brick_fence":8,"minecraft:potion":2,"betternether:bone_block":1,"travelersbackpack:emerald":3,"betternether:stalagnate_stem":9,"betternether:blue_obsidian":3,"minecraft:raw_copper":93,"minecraft:iron_leggings":5,"minecraft:experience_bottle":63,"minecraft:red_sand":10,"minecraft:bucket":21,"minecraft:smooth_stone":20,"minecraft:comparator":4,"farmersdelight:cabbage":119,"minecraft:redstone_torch":4,"minecraft:iron_pickaxe":8,"farmersdelight:cabbage_seeds":232,"minecraft:iron_boots":4,"minecraft:furnace":20,"minecraft:tipped_arrow":16,"minecraft:stick":275,"farmersdelight:rotten_tomato":5,"minecraft:birch_trapdoor":6,"minecraft:oak_fence":174,"minecraft:torch":565,"minecraft:porkchop":64,"minecraft:pointed_dripstone":64,"minecraft:diorite":303,"minecraft:goat_horn":1,"minecraft:cactus":14,"minecraft:rotten_flesh":1889,"betternether:cincinnasite_lantern_small":1,"betternether:mushroom_fir_sapling":15,"betternether:feather_fern":9,"minecraft:obsidian":3,"minecraft:cobblestone":2260,"minecraft:nautilus_shell":1,"minecraft:leather_chestplate":1,"betternether:glowstone_pile":58,"minecraft:lilac":1,"minecraft:repeater":19,"minecraft:andesite":356,"minecraft:golden_leggings":2,"minecraft:potato":362,"minecraft:tuff":265,"farmersdelight:chicken_sandwich":1,"minecraft:lapis_lazuli":112,"minecraft:dirt":2692,"minecraft:leather_boots":6,"minecraft:glass":283,"minecraft:bone":27,"minecraft:bow":13,"minecraft:wheat_seeds":4936,"minecraft:raw_gold":18,"minecraft:bamboo":23,"minecraft:oak_planks":96,"minecraft:cooked_porkchop":89,"travelersbackpack:squid":2,"minecraft:oak_pressure_plate":1,"minecraft:poisonous_potato":1,"minecraft:sand":3667,"minecraft:grass_block":4,"minecraft:chiseled_sandstone":1,"betternether:bone_stairs":5,"minecraft:diamond":129,"betternether:cincinnasite_pillar":2,"minecraft:crossbow":1,"minecraft:breeze_rod":14,"minecraft:bone_meal":82,"betternether:nether_ruby_sword":1,"minecraft:emerald":60,"minecraft:oak_sapling":231,"minecraft:netherrack":493,"minecraft:lingering_potion":8,"minecraft:charcoal":45,"minecraft:allium":1,"minecraft:chicken":6,"minecraft:ladder":9,"minecraft:brown_mushroom":2,"minecraft:gold_block":3,"betternether:rubeus_chest":1,"minecraft:shield":20,"minecraft:oak_trapdoor":5,"minecraft:iron_axe":18,"minecraft:oak_boat":9,"minecraft:observer":1,"minecraft:lectern":6,"minecraft:sugar_cane":29,"farmersdelight:golden_knife":1,"betternether:rubeus_bark":7,"minecraft:phantom_membrane":1,"minecraft:dark_oak_sapling":3,"minecraft:raw_iron":326,"minecraft:orange_dye":2,"betternether:wall_mushroom_red":15,"minecraft:stone_button":6,"betternether:mushroom_fir_stem":13,"minecraft:stone_pressure_plate":1,"travelersbackpack:hose":5,"minecraft:arrow":449,"minecraft:nether_bricks":116,"betternether:stalagnate_seed":5,"betternether:chest_of_drawers":2,"betternether:cincinnasite_fire_bowl":2,"minecraft:purple_dye":6,"minecraft:basalt":1,"minecraft:golden_carrot":41,"minecraft:salmon":3,"minecraft:cut_sandstone":10,"minecraft:leather":56,"betternether:wall_mushroom_brown":4,"minecraft:birch_planks":4,"minecraft:waxed_copper_block":12,"minecraft:nether_wart_block":6,"minecraft:gunpowder":7,"minecraft:cobblestone_stairs":2,"betternether:cincinnasite_pedestal":1,"minecraft:cooked_mutton":5,"betternether:orange_mushroom":5,"minecraft:rabbit_hide":1,"minecraft:iron_ingot":257,"minecraft:cooked_chicken":156,"minecraft:soul_sand":114,"minecraft:green_dye":2,"minecraft:book":205,"minecraft:sculk_catalyst":1,"minecraft:oak_slab":76,"minecraft:warped_fungus":4,"minecraft:pumpkin":188,"minecraft:quartz":37,"minecraft:dandelion":22,"minecraft:dripstone_block":65,"minecraft:lava_bucket":44,"minecraft:spider_eye":16,"betternether:nether_mushroom_stem":16,"travelersbackpack:fox":1,"minecraft:pumpkin_seeds":55,"betternether:cincinnasite_forge":1,"enchanting_reimagined:enchanting_workstation":1,"minecraft:iron_helmet":4,"minecraft:coal":160},"minecraft:killed":{"minecraft:cave_spider":10,"betternether:skull":1,"betternether:firefly":5,"minecraft:skeleton":16,"minecraft:chicken":6,"minecraft:salmon":3,"minecraft:iron_golem":2,"minecraft:pillager":1,"friendsandfoes:crab":1,"minecraft:zombie":1499,"minecraft:cow":32,"minecraft:rabbit":1,"minecraft:wandering_trader":3,"minecraft:breeze":4,"minecraft:enderman":12,"minecraft:zombified_piglin":2,"minecraft:spider":14,"minecraft:bee":2,"betternether:hydrogen_jellyfish":2,"minecraft:piglin":3,"minecraft:pig":38,"minecraft:creeper":3,"minecraft:sheep":10,"minecraft:trader_llama":6,"minecraft:ghast":4,"minecraft:blaze":8,"minecraft:armadillo":1,"minecraft:phantom":1,"minecraft:drowned":5,"betternether:naga":2,"minecraft:bat":2,"minecraft:squid":1,"minecraft:wither_skeleton":9,"minecraft:villager":1},"minecraft:dropped":{"farmersdelight:hamburger":34,"minecraft:iron_sword":1,"betternether:wall_mushroom_red":7,"minecraft:cooked_beef":14,"minecraft:glass_bottle":89,"minecraft:diamond":32,"minecraft:cooked_porkchop":4,"minecraft:crossbow":1,"minecraft:crafter":1,"farmersdelight:beef_patty":2,"minecraft:leather_helmet":2,"minecraft:emerald":58,"minecraft:dirt":396,"minecraft:stone_button":4,"minecraft:dark_oak_fence":1,"minecraft:gold_nugget":1,"minecraft:bone_meal":3,"betternether:cincinnasite_pickaxe_diamond":1,"minecraft:sand":197,"minecraft:iron_pickaxe":7,"minecraft:dark_oak_planks":4,"minecraft:bone":8,"minecraft:stone_axe":5,"minecraft:goat_horn":1,"minecraft:sugar_cane":8,"minecraft:iron_nugget":18,"minecraft:cooked_chicken":1,"minecraft:cobbled_deepslate":66,"betternether:anchor_tree_bark":13,"minecraft:birch_sapling":7,"minecraft:wheat":47,"farmersdelight:cabbage":2,"minecraft:rotten_flesh":1079,"minecraft:oak_planks":76,"minecraft:waxed_copper_block":8,"minecraft:leather_boots":3,"minecraft:ladder":36,"minecraft:leather_leggings":2,"minecraft:white_dye":1,"minecraft:glass":286,"travelersbackpack:fox":1,"minecraft:beef":21,"minecraft:egg":12,"minecraft:enchanted_book":5,"minecraft:golden_boots":6,"minecraft:iron_ingot":4,"minecraft:wheat_seeds":33,"betternether:feather_fern":9,"minecraft:iron_helmet":1,"minecraft:oak_fence":153,"minecraft:feather":60,"minecraft:cobblestone":612,"minecraft:book":31,"minecraft:apple":5,"minecraft:granite":331,"minecraft:purple_dye":6,"minecraft:coal_block":12,"betternether:bone_block":1,"minecraft:lava_bucket":1,"betternether:rubeus_sapling":1,"minecraft:golden_carrot":10,"minecraft:ink_sac":7,"minecraft:cooked_salmon":2,"betternether:giant_mold_sapling":3,"minecraft:pumpkin":10,"minecraft:smooth_stone":16,"minecraft:iron_shovel":3,"minecraft:string":42,"minecraft:furnace":2,"minecraft:diamond_hoe":1,"minecraft:experience_bottle":17,"minecraft:chicken":2,"minecraft:iron_boots":2,"minecraft:pumpkin_seeds":46,"betternether:stalagnate_stem":1,"travelersbackpack:emerald":1,"minecraft:diamond_sword":1,"minecraft:potato":62,"minecraft:cobblestone_slab":1,"minecraft:diamond_pickaxe":2,"minecraft:spider_eye":14,"minecraft:sandstone":11,"minecraft:bow":1,"farmersdelight:tomato":1,"minecraft:warped_stem":6,"minecraft:birch_planks":10,"minecraft:soul_sand":4,"minecraft:brown_mushroom":1,"minecraft:diamond_axe":2,"minecraft:warped_fungus":2,"minecraft:oak_log":74,"minecraft:leather":37,"travelersbackpack:standard":4,"minecraft:cobblestone_stairs":2,"minecraft:dispenser":3,"minecraft:snowball":3,"farmersdelight:onion":1,"minecraft:birch_log":7,"minecraft:gold_ingot":105,"minecraft:gravel":34,"minecraft:beetroot":72,"minecraft:cooked_mutton":5,"minecraft:carrot":72,"minecraft:poppy":9,"minecraft:gunpowder":1,"minecraft:lingering_potion":2,"minecraft:chest":1,"minecraft:chainmail_boots":1,"minecraft:arrow":298,"minecraft:netherrack":158,"minecraft:bread":21,"minecraft:water_bucket":3,"minecraft:oak_slab":25,"minecraft:golden_helmet":2,"minecraft:lead":2,"minecraft:observer":1,"minecraft:stick":61,"minecraft:iron_block":12,"minecraft:diorite":172,"minecraft:torch":126,"minecraft:green_dye":4,"minecraft:map":3,"minecraft:iron_leggings":3,"minecraft:iron_axe":11,"minecraft:cactus":3,"minecraft:bucket":1,"minecraft:dandelion":5,"betternether:anchor_tree_planks":156,"minecraft:redstone":125,"minecraft:tuff_bricks":4,"minecraft:oak_trapdoor":2,"minecraft:raw_copper":24,"minecraft:tuff":41,"farmersdelight:cabbage_seeds":31,"minecraft:iron_hoe":7,"moretools:iron_excavator":2,"farmersdelight:chicken_sandwich":2,"minecraft:flint_and_steel":3,"minecraft:shield":5,"minecraft:trial_key":4,"minecraft:oak_button":4,"minecraft:iron_chestplate":3,"minecraft:andesite":207,"minecraft:oak_boat":1,"minecraft:oak_sapling":8,"minecraft:waxed_chiseled_copper":2,"minecraft:slime_ball":25,"travelersbackpack:hose":1},"minecraft:used":{"minecraft:beetroot":119,"enchanting_reimagined:enchanting_workstation":1,"minecraft:dispenser":3,"farmersdelight:cabbage_seeds":62,"minecraft:ladder":6,"minecraft:poppy":19,"minecraft:chest":97,"minecraft:soul_sand":35,"minecraft:crafter":19,"betternether:rubeus_boat":1,"travelersbackpack:emerald":1,"minecraft:lava_bucket":7,"minecraft:birch_sapling":22,"minecraft:bow":63,"minecraft:oak_sapling":230,"minecraft:furnace":15,"moretools:diamond_hammer":2957,"minecraft:egg":2,"minecraft:potato":64,"farmersdelight:hamburger":4,"minecraft:diorite":7,"minecraft:composter":4,"minecraft:sand":15,"minecraft:blast_furnace":5,"betternether:nether_reed_stem":20,"minecraft:pumpkin_seeds":77,"minecraft:crying_obsidian":1,"minecraft:stone_button":4,"minecraft:lectern":6,"minecraft:lilac":1,"minecraft:nether_wart_block":3,"minecraft:diamond_sword":275,"minecraft:smithing_table":1,"minecraft:oak_boat":5,"minecraft:cooked_salmon":1,"minecraft:trial_key":3,"minecraft:netherrack":160,"minecraft:orange_bed":1,"minecraft:torch":396,"betternether:eye_seed":18,"minecraft:anvil":1,"minecraft:warped_wart_block":13,"minecraft:wheat":13,"minecraft:iron_axe":1716,"minecraft:iron_block":1,"travelersbackpack:squid":4,"betternether:cincinnasite_pickaxe_diamond":589,"minecraft:barrel":2,"minecraft:diamond_chestplate":1,"betternether:anchor_tree_log":55,"travelersbackpack:hose":143,"farmersdelight:tomato_seeds":44,"minecraft:cobbled_deepslate":7,"minecraft:observer":1,"minecraft:pointed_dripstone":10,"minecraft:wheat_seeds":2014,"minecraft:water_bucket":99,"minecraft:warped_stem":6,"farmersdelight:golden_knife":16,"minecraft:cauldron":10,"minecraft:comparator":4,"minecraft:crafting_table":10,"minecraft:campfire":1,"minecraft:oak_log":4,"minecraft:diamond_pickaxe":563,"minecraft:wind_charge":2,"minecraft:iron_pickaxe":1978,"minecraft:cobblestone":307,"minecraft:potion":1,"minecraft:purple_bed":1,"minecraft:cooked_porkchop":93,"betternether:rubeus_chest":3,"minecraft:glass_pane":69,"minecraft:dandelion":4,"betternether:anchor_tree_chest":3,"minecraft:iron_shovel":1329,"minecraft:diamond_hoe":21,"minecraft:shield":122,"minecraft:iron_sword":291,"minecraft:nether_wart":28,"betternether:anchor_tree_bookshelf":12,"minecraft:nether_bricks":11,"minecraft:carrot":2171,"minecraft:honey_bottle":2,"minecraft:glass":96,"minecraft:waxed_oxidized_copper":1,"minecraft:birch_trapdoor":8,"minecraft:repeater":18,"farmersdelight:cutting_board":2,"minecraft:beetroot_seeds":1303,"travelersbackpack:enderman":21,"betternether:magma_flower":1,"betternether:cincinnasite_pot":9,"minecraft:stone_pickaxe":391,"minecraft:oak_planks":50,"minecraft:ender_pearl":4,"minecraft:sugar_cane":11,"minecraft:diamond_axe":629,"minecraft:white_wool":1,"farmersdelight:chicken_sandwich":27,"minecraft:crossbow":4,"minecraft:dripstone_block":1,"minecraft:redstone_torch":3,"minecraft:lever":22,"minecraft:string":1,"minecraft:bread":118,"minecraft:gravel":390,"minecraft:andesite":37,"minecraft:bone_meal":467,"minecraft:experience_bottle":697,"minecraft:oak_fence":92,"betternether:rubeus_sapling":2,"minecraft:flint_and_steel":22,"moretools:iron_excavator":4671,"minecraft:redstone":36,"betternether:anchor_tree_boat":5,"minecraft:cooked_chicken":44,"minecraft:oak_door":1,"minecraft:dirt":1719,"minecraft:white_carpet":1,"minecraft:hopper":55,"minecraft:iron_hoe":2489,"betternether:stalagnate_seed":5,"moretools:iron_saw":313,"minecraft:golden_carrot":34,"minecraft:cooked_beef":85,"minecraft:pumpkin":4,"minecraft:iron_leggings":1,"minecraft:cooked_mutton":17,"minecraft:cobblestone_stairs":6,"chunkloaders:basic_chunk_loader":5,"minecraft:glass_bottle":6,"minecraft:baked_potato":28,"moretools:iron_hammer":1501,"minecraft:cobblestone_slab":2,"farmersdelight:onion":45,"minecraft:smoker":11,"minecraft:apple":5,"betternether:nether_ruby_sword":766,"minecraft:stone_axe":374,"minecraft:bucket":184},"minecraft:mined":{"betternether:nether_sakura_leaves":12,"betternether:cincinnasite_pedestal":1,"betternether:giant_mold":2,"minecraft:jungle_leaves":69,"betternether:lucis_mushroom":12,"minecraft:granite":257,"minecraft:red_sand":10,"betternether:lucis_spore":1,"betternether:nether_mycelium":10,"minecraft:oak_pressure_plate":1,"betternether:rubeus_chest":1,"betternether:whispering_gourd_vine":4,"betternether:jungle_moss":8,"minecraft:hopper":24,"minecraft:nether_wart":3,"minecraft:tall_seagrass":5,"betternether:moss_cover":9,"minecraft:magma_block":2,"minecraft:fire":9,"minecraft:barrel":1,"minecraft:cobbled_deepslate":1,"minecraft:pumpkin":175,"minecraft:deepslate_lapis_ore":3,"betternether:cincinnasite_fire_bowl":2,"minecraft:iron_block":1,"minecraft:tripwire":1,"minecraft:orange_bed":1,"betternether:ceiling_mushrooms":10,"betternether:anchor_tree_log":106,"betternether:red_large_mushroom":1,"minecraft:cut_sandstone":10,"betternether:netherrack_stalactite":6,"minecraft:brown_mushroom":2,"betternether:eyeball":5,"minecraft:kelp_plant":7,"betternether:sepia_bone_grass":1,"minecraft:smoker":1,"minecraft:crimson_nylium":3,"betternether:cincinnasite_pot":9,"minecraft:torch":70,"minecraft:dead_bush":2,"farmersdelight:cabbages":18,"minecraft:glass":19,"minecraft:sugar_cane":9,"minecraft:birch_sapling":1,"minecraft:white_terracotta":1,"minecraft:repeater":17,"betternether:obsidian_glass":1,"minecraft:wheat":1653,"minecraft:lilac":1,"minecraft:waxed_copper_block":4,"minecraft:pumpkin_stem":1,"minecraft:warped_fungus":1,"betternether:egg_plant":31,"minecraft:red_mushroom_block":41,"travelersbackpack:emerald":1,"minecraft:deepslate":2110,"minecraft:attached_pumpkin_stem":2,"betternether:cincinnasite_forge":1,"farmersdelight:wild_carrots":1,"betternether:bone_grass":1,"minecraft:crafter":15,"minecraft:nether_bricks":77,"minecraft:dark_oak_fence":1,"minecraft:crimson_roots":5,"minecraft:redstone_wire":23,"farmersdelight:wild_cabbages":14,"minecraft:kelp":3,"minecraft:red_mushroom":2,"betternether:potted_plant":1,"farmersdelight:wild_onions":1,"betternether:hook_mushroom":8,"minecraft:redstone_ore":13,"betternether:cincinnasite_wall":1,"minecraft:waxed_copper_grate":2,"minecraft:andesite":180,"betternether:wall_mushroom_brown":1,"betternether:feather_fern":4,"betternether:quartz_glass_framed_pane":2,"minecraft:potatoes":39,"minecraft:cobblestone_slab":1,"minecraft:warped_stem":12,"minecraft:bamboo":3,"minecraft:bone_block":15,"betternether:netherrack_moss":22,"betternether:anchor_tree_vine":3,"minecraft:glass_pane":1,"minecraft:comparator":4,"minecraft:soul_sand":114,"betternether:cincinnasite_stairs":18,"minecraft:observer":1,"minecraft:dandelion":20,"betternether:rubeus_bark":9,"minecraft:short_grass":582,"betternether:gray_mold":3,"betternether:soul_lily":2,"minecraft:copper_ore":29,"minecraft:tall_grass":128,"minecraft:deepslate_gold_ore":13,"betternether:anchor_tree_bark":16,"minecraft:diorite":343,"minecraft:warped_wart_block":15,"travelersbackpack:squid":1,"minecraft:purple_bed":2,"betternether:jungle_plant":15,"minecraft:birch_leaves":28,"betternether:wall_mushroom_red":3,"minecraft:gravel":702,"minecraft:dripstone_block":71,"minecraft:gold_ore":5,"minecraft:fern":1,"betternether:anchor_tree_leaves":5,"minecraft:stone_pressure_plate":1,"minecraft:oak_sapling":27,"minecraft:farmland":3,"betternether:nether_reed_stem":19,"minecraft:cobblestone_stairs":2,"minecraft:brewing_stand":1,"minecraft:grass_block":1229,"minecraft:soul_soil":1,"farmersdelight:budding_tomatoes":2,"minecraft:composter":2,"betternether:stalagnate_trunk":12,"betternether:cincinnasite_ore":8,"betternether:eye_vine":14,"betternether:orange_mushroom":3,"minecraft:iron_ore":301,"minecraft:pointed_dripstone":29,"betternether:black_vine":6,"minecraft:deepslate_redstone_ore":28,"betternether:golden_vine":4,"farmersdelight:organic_compost":1,"minecraft:clay":2,"minecraft:light_gray_terracotta":3,"minecraft:poppy":35,"minecraft:chest":35,"minecraft:mushroom_stem":6,"betternether:cincinnasite_forged":7,"minecraft:nether_quartz_ore":16,"minecraft:cobblestone":52,"minecraft:oak_planks":6,"betternether:magma_flower":2,"minecraft:wall_torch":44,"betternether:soul_sandstone":2,"betternether:red_mold":3,"minecraft:seagrass":5,"farmersdelight:sandy_shrub":2,"betternether:mushroom_fir_trunk":3,"minecraft:nether_wart_block":3,"minecraft:birch_log":45,"farmersdelight:cutting_board":2,"minecraft:birch_trapdoor":6,"betternether:giant_lucis":2,"betternether:neon_equisetum":12,"minecraft:tnt":9,"minecraft:oak_log":850,"minecraft:beetroots":1150,"minecraft:waxed_oxidized_copper":1,"minecraft:sand":3371,"minecraft:dirt":1594,"minecraft:dispenser":3,"minecraft:netherrack":661,"minecraft:oak_leaves":416,"minecraft:nether_gold_ore":10,"minecraft:diamond_ore":5,"minecraft:tuff":315,"farmersdelight:onions":3,"minecraft:dark_oak_leaves":34,"minecraft:deepslate_diamond_ore":125,"minecraft:oak_door":1,"minecraft:lever":18,"minecraft:ladder":2,"minecraft:stone_button":2,"minecraft:sandstone":41,"minecraft:hay_block":86,"betternether:stalagnate_seed":1,"minecraft:furnace":7,"minecraft:carrots":1928,"minecraft:chiseled_sandstone":1,"minecraft:gold_block":3,"minecraft:nether_brick_fence":9,"betternether:wall_moss":1,"minecraft:bookshelf":34,"minecraft:deepslate_iron_ore":20,"minecraft:stone":2595,"betternether:nether_sakura_bark":1,"betternether:nether_reed_planks":2,"betternether:cincinnasite_lantern":3,"minecraft:basalt":1,"minecraft:oak_fence":24,"minecraft:crafting_table":5,"betternether:mushroom_grass":7,"betternether:rubeus_log":1,"betternether:rubeus_sapling":1,"betternether:anchor_tree_bookshelf":1,"minecraft:lectern":6,"betternether:anchor_tree_chest":1,"minecraft:lapis_ore":14,"betternether:rubeus_leaves":17,"farmersdelight:wild_beetroots":4,"minecraft:cactus":5,"betternether:blooming_vine":8,"minecraft:redstone_torch":3,"chunkloaders:basic_chunk_loader":3,"minecraft:coal_ore":151,"betternether:chest_of_drawers":2,"travelersbackpack:enderman":1,"betternether:cincinnasite_pillar":4}},"DataVersion":3955}