{"stats":{"minecraft:picked_up":{"minecraft:iron_chestplate":6,"minecraft:wheat":1332,"minecraft:lead":12,"minecraft:potion":2,"minecraft:enchanted_book":1,"minecraft:string":52,"minecraft:raw_copper":93,"minecraft:iron_leggings":4,"minecraft:experience_bottle":21,"minecraft:beetroot":968,"minecraft:diamond_leggings":2,"minecraft:comparator":4,"minecraft:smooth_stone":20,"minecraft:red_sand":9,"minecraft:gold_nugget":66,"minecraft:cobbled_deepslate":1652,"travelersbackpack:enderman":2,"minecraft:bucket":19,"minecraft:trial_key":7,"minecraft:redstone_torch":4,"minecraft:iron_pickaxe":8,"minecraft:coal_block":9,"minecraft:iron_boots":4,"minecraft:furnace":20,"minecraft:tipped_arrow":16,"minecraft:stick":252,"minecraft:composter":2,"minecraft:birch_trapdoor":6,"minecraft:oak_fence":174,"minecraft:torch":368,"minecraft:porkchop":62,"minecraft:waxed_copper_grate":2,"minecraft:diorite":303,"minecraft:goat_horn":1,"minecraft:orange_bed":1,"minecraft:cactus":14,"minecraft:honey_bottle":3,"minecraft:rotten_flesh":35,"minecraft:iron_block":10,"minecraft:cobblestone":2242,"minecraft:nautilus_shell":1,"minecraft:birch_log":54,"minecraft:cooked_beef":32,"minecraft:feather":32,"minecraft:lilac":1,"minecraft:repeater":19,"minecraft:water_bucket":14,"minecraft:andesite":356,"minecraft:brown_wool":2,"minecraft:potato":17,"minecraft:flint":86,"minecraft:tuff":265,"moretools:iron_excavator":1,"minecraft:lapis_lazuli":112,"minecraft:dirt":2593,"minecraft:glass":283,"minecraft:bone":18,"minecraft:bow":11,"minecraft:wheat_seeds":3985,"minecraft:raw_gold":18,"minecraft:diamond_helmet":2,"minecraft:oak_planks":96,"minecraft:cooked_porkchop":86,"minecraft:warped_wart_block":26,"minecraft:oak_pressure_plate":1,"minecraft:sand":3411,"minecraft:ink_sac":15,"minecraft:grass_block":3,"minecraft:chiseled_sandstone":1,"minecraft:iron_hoe":7,"minecraft:dispenser":3,"minecraft:diamond":129,"minecraft:lever":21,"minecraft:granite":367,"minecraft:crossbow":1,"minecraft:breeze_rod":14,"minecraft:bone_meal":63,"minecraft:chainmail_helmet":1,"minecraft:emerald":3,"minecraft:bread":33,"minecraft:oak_sapling":229,"minecraft:netherrack":88,"minecraft:dark_oak_fence":1,"minecraft:crimson_roots":5,"minecraft:diamond_pickaxe":2,"minecraft:lingering_potion":8,"minecraft:charcoal":45,"minecraft:crafting_table":4,"minecraft:chicken":5,"minecraft:ladder":9,"minecraft:clay_ball":8,"minecraft:shield":11,"minecraft:wind_charge":27,"minecraft:oak_trapdoor":3,"minecraft:iron_axe":12,"minecraft:flint_and_steel":2,"minecraft:white_carpet":2,"minecraft:iron_shovel":2,"minecraft:beef":48,"minecraft:oak_boat":9,"minecraft:observer":1,"minecraft:poppy":46,"minecraft:sugar_cane":27,"minecraft:chest":40,"minecraft:birch_sapling":29,"minecraft:waxed_oxidized_copper":1,"minecraft:egg":27,"minecraft:raw_iron":326,"minecraft:sandstone":32,"minecraft:stone":4,"minecraft:oak_door":1,"minecraft:fire_charge":20,"minecraft:stone_button":6,"minecraft:carrot":6235,"minecraft:redstone":209,"minecraft:stone_pressure_plate":1,"travelersbackpack:hose":3,"minecraft:tnt":9,"minecraft:arrow":194,"minecraft:diamond_chestplate":2,"minecraft:beetroot_seeds":2673,"minecraft:diamond_boots":2,"minecraft:hay_block":73,"minecraft:mutton":38,"minecraft:white_wool":19,"minecraft:salmon":3,"minecraft:cut_sandstone":10,"minecraft:leather":38,"minecraft:crafter":10,"minecraft:birch_planks":4,"minecraft:oak_log":1042,"minecraft:waxed_copper_block":12,"minecraft:golden_boots":2,"minecraft:nether_wart_block":6,"minecraft:gunpowder":5,"minecraft:cobblestone_stairs":2,"minecraft:cooked_mutton":5,"minecraft:apple":19,"minecraft:warped_stem":24,"minecraft:rabbit_hide":1,"minecraft:iron_ingot":251,"minecraft:stone_pickaxe":1,"minecraft:cooked_chicken":129,"minecraft:glass_bottle":318,"minecraft:iron_sword":1,"minecraft:soul_sand":13,"minecraft:green_dye":2,"minecraft:oak_slab":76,"minecraft:warped_fungus":4,"minecraft:pumpkin":151,"minecraft:quartz":18,"minecraft:dandelion":22,"minecraft:gravel":572,"minecraft:lava_bucket":43,"minecraft:spider_eye":16,"minecraft:pumpkin_seeds":55,"minecraft:purple_bed":1,"minecraft:stone_axe":4,"minecraft:iron_helmet":4,"minecraft:diamond_axe":7,"chunkloaders:basic_chunk_loader":4,"minecraft:warped_roots":4,"minecraft:oak_button":6,"minecraft:baked_potato":15,"minecraft:warped_nylium":2,"minecraft:coal":157,"minecraft:hopper":23,"minecraft:ender_pearl":6},"minecraft:custom":{"minecraft:animals_bred":234,"minecraft:interact_with_crafting_table":246,"minecraft:open_barrel":25,"minecraft:bell_ring":6,"minecraft:leave_game":34,"minecraft:time_since_death":24809,"minecraft:sprint_one_cm":4696484,"minecraft:damage_blocked_by_shield":3390,"minecraft:drop":900,"minecraft:talked_to_villager":11,"minecraft:play_time":1867293,"minecraft:deaths":8,"minecraft:jump":8143,"minecraft:walk_on_water_one_cm":138237,"minecraft:interact_with_furnace":205,"minecraft:sleep_in_bed":117,"minecraft:damage_dealt":29910,"minecraft:crouch_one_cm":102822,"minecraft:interact_with_smoker":51,"minecraft:interact_with_smithing_table":11,"minecraft:inspect_dispenser":18,"minecraft:interact_with_anvil":3,"minecraft:mob_kills":188,"minecraft:inspect_hopper":62,"minecraft:climb_one_cm":58146,"minecraft:walk_one_cm":4528875,"minecraft:sneak_time":42001,"minecraft:walk_under_water_one_cm":152172,"minecraft:interact_with_blast_furnace":51,"minecraft:total_world_time":1867293,"minecraft:interact_with_stonecutter":1,"minecraft:time_since_rest":11526,"minecraft:damage_taken":10011,"minecraft:swim_one_cm":53102,"minecraft:fly_one_cm":540149,"minecraft:open_chest":1225,"minecraft:fall_one_cm":117779},"minecraft:killed_by":{"minecraft:piglin":2,"minecraft:enderman":1,"minecraft:skeleton":3},"minecraft:killed":{"minecraft:cave_spider":10,"minecraft:spider":14,"minecraft:skeleton":14,"minecraft:bee":2,"minecraft:chicken":3,"minecraft:pig":37,"minecraft:salmon":3,"minecraft:iron_golem":2,"minecraft:creeper":3,"minecraft:sheep":9,"minecraft:trader_llama":6,"minecraft:pillager":1,"minecraft:zombie":23,"minecraft:ghast":1,"minecraft:cow":31,"minecraft:armadillo":1,"minecraft:drowned":4,"minecraft:rabbit":1,"minecraft:bat":1,"minecraft:wandering_trader":3,"minecraft:squid":1,"minecraft:breeze":4,"minecraft:enderman":10},"minecraft:dropped":{"minecraft:iron_sword":1,"minecraft:warped_stem":6,"minecraft:soul_sand":4,"minecraft:birch_planks":10,"minecraft:diamond_axe":2,"minecraft:warped_fungus":2,"minecraft:cooked_beef":14,"minecraft:oak_log":74,"minecraft:glass_bottle":3,"minecraft:cooked_porkchop":1,"minecraft:crossbow":1,"minecraft:leather":19,"minecraft:emerald":1,"minecraft:dirt":362,"minecraft:stone_button":2,"minecraft:dark_oak_fence":1,"minecraft:snowball":3,"minecraft:bone_meal":3,"minecraft:sand":5,"minecraft:iron_pickaxe":7,"minecraft:dark_oak_planks":4,"minecraft:birch_log":7,"minecraft:gold_ingot":4,"minecraft:bone":8,"minecraft:gravel":34,"minecraft:stone_axe":5,"minecraft:goat_horn":1,"minecraft:sugar_cane":8,"minecraft:cooked_chicken":1,"minecraft:cobbled_deepslate":66,"minecraft:wheat":43,"minecraft:birch_sapling":6,"minecraft:rotten_flesh":13,"minecraft:oak_planks":76,"minecraft:cooked_mutton":5,"minecraft:waxed_copper_block":8,"minecraft:carrot":25,"minecraft:poppy":9,"minecraft:lingering_potion":2,"minecraft:ladder":36,"minecraft:arrow":106,"minecraft:glass":286,"minecraft:beef":4,"minecraft:egg":12,"minecraft:water_bucket":3,"minecraft:iron_ingot":4,"minecraft:bread":18,"minecraft:oak_slab":25,"minecraft:wheat_seeds":7,"minecraft:iron_helmet":1,"minecraft:oak_fence":153,"minecraft:feather":5,"minecraft:cobblestone":606,"minecraft:lead":2,"minecraft:observer":1,"minecraft:apple":5,"minecraft:granite":282,"minecraft:stick":56,"minecraft:lava_bucket":1,"minecraft:iron_block":12,"minecraft:diorite":172,"minecraft:ink_sac":7,"minecraft:torch":53,"minecraft:green_dye":4,"minecraft:cooked_salmon":2,"minecraft:iron_leggings":3,"minecraft:pumpkin":10,"minecraft:iron_axe":7,"minecraft:cactus":2,"minecraft:smooth_stone":16,"minecraft:iron_shovel":2,"minecraft:string":2,"minecraft:bucket":1,"minecraft:dandelion":5,"minecraft:redstone":125,"minecraft:furnace":2,"minecraft:tuff_bricks":4,"minecraft:raw_copper":18,"minecraft:tuff":41,"minecraft:experience_bottle":17,"minecraft:chicken":2,"minecraft:iron_boots":2,"minecraft:iron_hoe":3,"moretools:iron_excavator":2,"minecraft:pumpkin_seeds":2,"minecraft:cobblestone_slab":1,"minecraft:shield":2,"minecraft:trial_key":4,"minecraft:oak_button":4,"minecraft:diamond_pickaxe":1,"minecraft:iron_chestplate":3,"minecraft:andesite":207,"minecraft:oak_boat":1,"minecraft:oak_sapling":4,"minecraft:spider_eye":9,"minecraft:waxed_chiseled_copper":2,"minecraft:sandstone":11,"minecraft:bow":1,"travelersbackpack:hose":1},"minecraft:crafted":{"minecraft:smooth_stone":31,"minecraft:oak_planks":1088,"travelersbackpack:crafting_upgrade":1,"minecraft:cooked_chicken":5,"travelersbackpack:hose_nozzle":1,"moretools:iron_excavator":7,"travelersbackpack:enderman":4,"minecraft:stone":41,"minecraft:lever":7,"minecraft:cooked_mutton":8,"minecraft:glass":302,"minecraft:hopper":33,"minecraft:diamond_helmet":1,"minecraft:repeater":1,"minecraft:bow":2,"minecraft:diamond_leggings":1,"minecraft:iron_boots":3,"minecraft:comparator":1,"minecraft:chest":89,"minecraft:oak_button":2,"minecraft:oak_fence":63,"minecraft:smoker":11,"minecraft:glass_bottle":177,"minecraft:dropper":6,"minecraft:oak_slab":24,"travelersbackpack:iron_tier_upgrade":1,"minecraft:arrow":160,"minecraft:cooked_porkchop":52,"minecraft:diamond_axe":1,"minecraft:crafting_table":12,"minecraft:iron_helmet":2,"minecraft:baked_potato":15,"minecraft:smithing_table":1,"minecraft:copper_ingot":32,"minecraft:birch_planks":76,"minecraft:pumpkin_seeds":220,"minecraft:campfire":1,"minecraft:dispenser":3,"moretools:diamond_hammer":1,"minecraft:iron_chestplate":2,"minecraft:diamond_pickaxe":4,"minecraft:charcoal":227,"minecraft:shield":6,"minecraft:crafter":6,"minecraft:stick":432,"minecraft:stone_slab":6,"minecraft:iron_ingot":419,"minecraft:iron_pickaxe":18,"minecraft:iron_block":59,"minecraft:gold_ingot":22,"minecraft:redstone_torch":6,"minecraft:composter":2,"minecraft:iron_nugget":4,"minecraft:furnace":30,"minecraft:stone_button":2,"minecraft:blast_furnace":5,"minecraft:bone_meal":138,"minecraft:white_carpet":3,"travelersbackpack:blank_upgrade":4,"travelersbackpack:gold_tier_upgrade":1,"minecraft:glass_pane":128,"minecraft:flint_and_steel":1,"moretools:iron_saw":1,"minecraft:iron_axe":16,"minecraft:ladder":36,"minecraft:iron_hoe":6,"minecraft:stone_pickaxe":2,"minecraft:diamond_boots":1,"travelersbackpack:diamond_tier_upgrade":1,"minecraft:observer":1,"minecraft:wheat":823,"travelersbackpack:hose":1,"minecraft:cooked_beef":55,"minecraft:coal_block":3,"travelersbackpack:backpack_tank":2,"minecraft:iron_sword":2,"minecraft:cooked_salmon":3,"minecraft:bucket":45,"minecraft:stone_axe":2,"minecraft:air":0,"minecraft:bread":192,"moretools:iron_hammer":2,"minecraft:gold_nugget":1,"minecraft:birch_trapdoor":4,"minecraft:iron_shovel":28,"minecraft:iron_leggings":3,"minecraft:anvil":1,"minecraft:torch":404,"minecraft:diamond_chestplate":1},"minecraft:mined":{"minecraft:stone_pressure_plate":1,"minecraft:oak_sapling":27,"minecraft:farmland":3,"minecraft:cobblestone_stairs":2,"minecraft:granite":255,"minecraft:red_sand":9,"minecraft:grass_block":1160,"minecraft:oak_pressure_plate":1,"minecraft:composter":2,"minecraft:hopper":24,"minecraft:tall_seagrass":5,"minecraft:iron_ore":301,"minecraft:fire":8,"minecraft:cobbled_deepslate":1,"minecraft:pumpkin":138,"minecraft:deepslate_lapis_ore":3,"minecraft:iron_block":1,"minecraft:orange_bed":1,"minecraft:cut_sandstone":10,"minecraft:deepslate_redstone_ore":28,"minecraft:crimson_nylium":3,"minecraft:smoker":1,"minecraft:clay":2,"minecraft:torch":69,"minecraft:light_gray_terracotta":3,"minecraft:poppy":35,"minecraft:chest":35,"minecraft:dead_bush":2,"minecraft:glass":15,"minecraft:nether_quartz_ore":16,"minecraft:cobblestone":51,"minecraft:oak_planks":6,"minecraft:sugar_cane":9,"minecraft:wall_torch":44,"minecraft:birch_sapling":1,"minecraft:white_terracotta":1,"minecraft:seagrass":5,"minecraft:repeater":17,"minecraft:nether_wart_block":3,"minecraft:birch_log":45,"minecraft:wheat":1653,"minecraft:birch_trapdoor":6,"minecraft:lilac":1,"minecraft:warped_fungus":1,"minecraft:waxed_copper_block":4,"minecraft:pumpkin_stem":1,"minecraft:tnt":9,"minecraft:oak_log":850,"minecraft:beetroots":1023,"minecraft:waxed_oxidized_copper":1,"minecraft:sand":3371,"minecraft:dirt":1585,"minecraft:dispenser":3,"minecraft:netherrack":25,"minecraft:oak_leaves":403,"minecraft:deepslate":2110,"minecraft:attached_pumpkin_stem":2,"minecraft:nether_gold_ore":10,"minecraft:diamond_ore":5,"minecraft:tuff":315,"minecraft:deepslate_diamond_ore":125,"minecraft:oak_door":1,"minecraft:crafter":15,"minecraft:lever":18,"minecraft:dark_oak_fence":1,"minecraft:ladder":2,"minecraft:stone_button":2,"minecraft:crimson_roots":2,"minecraft:redstone_wire":23,"minecraft:sandstone":41,"minecraft:hay_block":59,"minecraft:redstone_ore":13,"minecraft:furnace":7,"minecraft:carrots":1844,"minecraft:waxed_copper_grate":2,"minecraft:chiseled_sandstone":1,"minecraft:andesite":180,"minecraft:potatoes":9,"minecraft:cobblestone_slab":1,"minecraft:deepslate_iron_ore":20,"minecraft:warped_stem":12,"minecraft:stone":2556,"minecraft:glass_pane":1,"minecraft:comparator":4,"minecraft:soul_sand":9,"minecraft:observer":1,"minecraft:dandelion":20,"minecraft:oak_fence":24,"minecraft:crafting_table":5,"minecraft:short_grass":575,"minecraft:copper_ore":29,"minecraft:tall_grass":128,"minecraft:lapis_ore":14,"minecraft:deepslate_gold_ore":13,"minecraft:diorite":343,"minecraft:warped_wart_block":15,"minecraft:purple_bed":1,"minecraft:cactus":5,"minecraft:redstone_torch":3,"chunkloaders:basic_chunk_loader":3,"minecraft:birch_leaves":28,"minecraft:coal_ore":151,"minecraft:gravel":702,"travelersbackpack:enderman":1,"minecraft:gold_ore":5},"minecraft:used":{"minecraft:beetroot":119,"minecraft:iron_shovel":1329,"minecraft:dispenser":3,"minecraft:ladder":6,"minecraft:poppy":19,"minecraft:shield":95,"minecraft:chest":95,"minecraft:soul_sand":5,"minecraft:crafter":19,"minecraft:carrot":2155,"minecraft:honey_bottle":2,"minecraft:waxed_oxidized_copper":1,"minecraft:glass":68,"minecraft:lava_bucket":6,"minecraft:birch_sapling":22,"minecraft:birch_trapdoor":8,"minecraft:repeater":18,"minecraft:bow":16,"minecraft:oak_sapling":230,"minecraft:furnace":15,"minecraft:beetroot_seeds":1270,"moretools:diamond_hammer":2654,"minecraft:egg":1,"travelersbackpack:enderman":12,"minecraft:diorite":7,"minecraft:oak_planks":7,"minecraft:stone_pickaxe":391,"minecraft:ender_pearl":4,"minecraft:composter":4,"minecraft:sugar_cane":11,"minecraft:diamond_axe":296,"minecraft:white_wool":1,"minecraft:sand":15,"minecraft:blast_furnace":5,"minecraft:crossbow":4,"minecraft:pumpkin_seeds":77,"minecraft:redstone_torch":3,"minecraft:lever":22,"minecraft:stone_button":4,"minecraft:bread":118,"minecraft:gravel":390,"minecraft:lilac":1,"minecraft:nether_wart_block":3,"minecraft:smithing_table":1,"minecraft:andesite":37,"minecraft:oak_boat":5,"minecraft:oak_fence":92,"minecraft:bone_meal":309,"minecraft:experience_bottle":5,"minecraft:flint_and_steel":22,"moretools:iron_excavator":4671,"minecraft:redstone":36,"minecraft:cooked_salmon":1,"minecraft:trial_key":3,"minecraft:cooked_chicken":37,"minecraft:netherrack":27,"minecraft:oak_door":1,"minecraft:orange_bed":1,"minecraft:torch":390,"minecraft:anvil":1,"minecraft:dirt":1714,"minecraft:warped_wart_block":13,"minecraft:wheat":13,"minecraft:white_carpet":1,"minecraft:hopper":55,"minecraft:iron_hoe":2488,"minecraft:iron_block":1,"minecraft:iron_axe":1450,"moretools:iron_saw":313,"minecraft:diamond_chestplate":1,"travelersbackpack:hose":48,"minecraft:cooked_beef":25,"minecraft:cobbled_deepslate":7,"minecraft:pumpkin":4,"minecraft:observer":1,"minecraft:iron_leggings":1,"minecraft:wheat_seeds":2014,"minecraft:cooked_mutton":17,"minecraft:water_bucket":99,"minecraft:warped_stem":6,"minecraft:cobblestone_stairs":6,"chunkloaders:basic_chunk_loader":5,"minecraft:glass_bottle":6,"minecraft:baked_potato":27,"moretools:iron_hammer":1501,"minecraft:cobblestone_slab":2,"minecraft:comparator":4,"minecraft:crafting_table":10,"minecraft:campfire":1,"minecraft:smoker":11,"minecraft:oak_log":4,"minecraft:diamond_pickaxe":349,"minecraft:apple":5,"minecraft:wind_charge":2,"minecraft:iron_pickaxe":1978,"minecraft:stone_axe":374,"minecraft:cobblestone":237,"minecraft:potion":1,"minecraft:purple_bed":1,"minecraft:cooked_porkchop":88,"minecraft:bucket":184,"minecraft:glass_pane":69,"minecraft:dandelion":4},"minecraft:broken":{"minecraft:iron_shovel":4,"minecraft:stone_pickaxe":3,"moretools:iron_hammer":2,"minecraft:iron_hoe":3,"moretools:iron_saw":1,"minecraft:iron_axe":2,"minecraft:iron_pickaxe":4,"moretools:iron_excavator":5}},"DataVersion":3955}