{"stats":{"minecraft:broken":{"moretools:diamond_hammer":1,"minecraft:shield":3,"minecraft:brush":8,"minecraft:iron_axe":2,"minecraft:iron_pickaxe":2,"moretools:iron_excavator":1,"minecraft:iron_shovel":1,"minecraft:stone_pickaxe":1,"moretools:iron_hammer":1,"minecraft:stone_axe":1,"minecraft:stone_shovel":5,"minecraft:golden_axe":1},"minecraft:dropped":{"minecraft:cooked_beef":6,"minecraft:glass_bottle":44,"minecraft:warped_roots":1,"minecraft:dirt":1710,"minecraft:sand":12,"minecraft:iron_pickaxe":3,"minecraft:stone_axe":3,"minecraft:cooked_chicken":31,"minecraft:birch_sapling":7,"minecraft:oak_planks":28,"minecraft:waxed_copper_block":8,"minecraft:charcoal":5,"minecraft:hopper":1,"minecraft:breeze_rod":2,"minecraft:warped_wart_block":2,"minecraft:golden_boots":2,"minecraft:iron_ingot":171,"minecraft:cobblestone":1722,"minecraft:book":7,"minecraft:potion":1,"chunkloaders:single_chunk_loader":1,"minecraft:cocoa_beans":1,"minecraft:chicken":2,"minecraft:pumpkin_seeds":4,"moretools:diamond_hammer":2,"minecraft:bow":5,"minecraft:diamond_axe":3,"minecraft:oak_log":160,"minecraft:baked_potato":1,"minecraft:leather":3,"minecraft:flint":6,"minecraft:crimson_roots":2,"moretools:iron_saw":2,"minecraft:gravel":33,"chunkloaders:basic_chunk_loader":1,"minecraft:cooked_mutton":3,"minecraft:honey_bottle":1,"minecraft:carrot":256,"minecraft:lingering_potion":2,"minecraft:arrow":58,"moretools:iron_hammer":1,"minecraft:grass_block":1,"minecraft:stick":1,"minecraft:iron_block":9,"minecraft:torch":11,"minecraft:nether_wart_block":3,"travelersbackpack:enderman":1,"minecraft:fire_charge":20,"minecraft:iron_axe":2,"minecraft:cactus":1,"minecraft:bucket":1,"minecraft:redstone":6,"minecraft:warped_nylium":1,"minecraft:raw_iron":7,"minecraft:iron_hoe":3,"moretools:iron_excavator":2,"minecraft:shield":2,"minecraft:trial_key":1,"minecraft:iron_chestplate":1,"minecraft:oak_sapling":36,"minecraft:oak_boat":1,"minecraft:stone_pickaxe":1},"minecraft:custom":{"minecraft:interact_with_crafting_table":220,"minecraft:open_barrel":86,"minecraft:leave_game":57,"minecraft:time_since_death":203624,"minecraft:damage_blocked_by_shield":13712,"minecraft:play_time":2196691,"minecraft:deaths":10,"minecraft:jump":33766,"minecraft:enchant_item":4,"minecraft:interact_with_furnace":107,"minecraft:sleep_in_bed":156,"minecraft:damage_dealt":53789,"minecraft:interact_with_smoker":9,"minecraft:inspect_dispenser":55,"minecraft:interact_with_smithing_table":7,"minecraft:interact_with_anvil":1,"minecraft:inspect_hopper":112,"minecraft:sneak_time":52507,"minecraft:interact_with_blast_furnace":12,"minecraft:total_world_time":2196691,"minecraft:time_since_rest":12647,"minecraft:swim_one_cm":174690,"minecraft:fly_one_cm":9024763,"minecraft:open_chest":2432,"minecraft:fall_one_cm":893705,"minecraft:animals_bred":118,"minecraft:sprint_one_cm":4038748,"minecraft:drop":169,"minecraft:talked_to_villager":18,"minecraft:walk_on_water_one_cm":213788,"minecraft:crouch_one_cm":168990,"minecraft:mob_kills":390,"minecraft:climb_one_cm":93974,"minecraft:walk_one_cm":6836757,"minecraft:walk_under_water_one_cm":100108,"minecraft:boat_one_cm":15641,"minecraft:damage_taken":16991},"minecraft:picked_up":{"minecraft:wooden_axe":2,"minecraft:iron_chestplate":7,"minecraft:chainmail_boots":1,"minecraft:flower_pot":16,"minecraft:stone_slab":6,"minecraft:smithing_table":2,"minecraft:lead":42,"minecraft:enchanted_book":4,"minecraft:string":192,"minecraft:beetroot":124,"minecraft:diamond_leggings":2,"minecraft:gold_nugget":6,"minecraft:cobbled_deepslate":8071,"minecraft:trial_key":33,"minecraft:melon_slice":84,"minecraft:golden_helmet":1,"minecraft:composter":5,"minecraft:waxed_copper_grate":12,"minecraft:warped_planks":2,"minecraft:golden_chestplate":3,"minecraft:honey_bottle":21,"moretools:iron_hammer":2,"minecraft:carved_pumpkin":1,"minecraft:iron_block":15,"minecraft:armadillo_scute":32,"minecraft:tuff_brick_wall":2,"moretools:diamond_hammer":4,"minecraft:snowball":13,"minecraft:birch_log":260,"minecraft:feather":65,"minecraft:cooked_beef":54,"minecraft:birch_slab":64,"minecraft:water_bucket":11,"minecraft:jungle_log":104,"minecraft:smoker":4,"minecraft:flint":59,"moretools:iron_excavator":4,"minecraft:stonecutter":2,"minecraft:diamond_helmet":2,"minecraft:glowstone_dust":10,"minecraft:honeycomb":25,"minecraft:warped_wart_block":5,"minecraft:ink_sac":62,"minecraft:barrel":10,"minecraft:iron_hoe":4,"minecraft:polished_andesite":22,"minecraft:dispenser":4,"minecraft:lever":20,"minecraft:granite":319,"minecraft:bread":60,"minecraft:music_disc_precipice":2,"minecraft:crimson_roots":2,"minecraft:diamond_pickaxe":2,"minecraft:crafting_table":10,"minecraft:tuff_brick_slab":48,"minecraft:ominous_bottle":14,"minecraft:clay_ball":8,"minecraft:wind_charge":19,"minecraft:cornflower":1,"minecraft:flint_and_steel":1,"minecraft:white_carpet":1,"minecraft:iron_shovel":1,"minecraft:glass_pane":59,"minecraft:cracked_stone_bricks":2,"minecraft:beef":48,"minecraft:iron_nugget":14,"minecraft:poppy":151,"minecraft:guster_pottery_sherd":3,"minecraft:chest":201,"minecraft:birch_sapling":72,"minecraft:waxed_oxidized_copper":1,"minecraft:egg":38,"minecraft:sandstone":13,"minecraft:oak_door":2,"minecraft:fire_charge":6,"minecraft:flow_pottery_sherd":9,"minecraft:white_dye":7,"minecraft:carrot":1264,"minecraft:redstone":891,"minecraft:tnt":9,"minecraft:diamond_chestplate":2,"minecraft:decorated_pot":1,"minecraft:beetroot_seeds":366,"minecraft:shears":2,"minecraft:diamond_boots":2,"minecraft:gold_ingot":6,"minecraft:tuff_bricks":104,"minecraft:mutton":6,"minecraft:bone_block":24,"minecraft:white_wool":6,"minecraft:clock":8,"minecraft:red_glazed_terracotta":2,"minecraft:crafter":14,"minecraft:red_mushroom":2,"chunkloaders:single_chunk_loader":9,"minecraft:oak_log":1260,"minecraft:golden_boots":8,"minecraft:white_banner":8,"moretools:iron_saw":5,"minecraft:apple":41,"minecraft:stone_pickaxe":1,"minecraft:glass_bottle":1275,"minecraft:iron_sword":2,"travelersbackpack:blank_upgrade":1,"minecraft:gravel":695,"minecraft:birch_stairs":13,"minecraft:polished_tuff":10,"minecraft:oak_wood":2,"minecraft:diamond_shovel":5,"minecraft:stone_axe":4,"minecraft:polished_diorite":24,"minecraft:diamond_axe":6,"chunkloaders:basic_chunk_loader":2,"minecraft:warped_roots":5,"minecraft:baked_potato":9,"minecraft:melon_seeds":3,"minecraft:warped_nylium":3,"minecraft:hopper":57,"minecraft:ender_pearl":6,"minecraft:wheat":513,"minecraft:sentry_armor_trim_smithing_template":1,"minecraft:potion":8,"minecraft:raw_copper":604,"minecraft:red_candle":6,"minecraft:smooth_stone_slab":3,"minecraft:iron_leggings":6,"minecraft:armor_stand":1,"minecraft:experience_bottle":449,"minecraft:oak_sign":26,"minecraft:smooth_stone":27,"minecraft:comparator":10,"minecraft:bucket":6,"minecraft:redstone_torch":13,"minecraft:cobblestone_slab":103,"minecraft:iron_pickaxe":8,"minecraft:furnace":9,"minecraft:iron_boots":2,"minecraft:stick":287,"minecraft:tipped_arrow":31,"minecraft:birch_trapdoor":3,"minecraft:oak_fence":97,"minecraft:torch":591,"minecraft:porkchop":10,"minecraft:diorite":919,"minecraft:cactus":5,"minecraft:rotten_flesh":93,"minecraft:obsidian":30,"minecraft:cobblestone":11750,"minecraft:enchanting_table":1,"minecraft:nautilus_shell":1,"minecraft:lilac":18,"minecraft:repeater":23,"minecraft:andesite":312,"minecraft:golden_leggings":2,"minecraft:potato":3,"minecraft:tuff":1342,"minecraft:lapis_lazuli":244,"minecraft:dirt":14516,"minecraft:polished_granite":30,"minecraft:name_tag":2,"minecraft:glass":518,"minecraft:bone":217,"minecraft:bow":21,"minecraft:wheat_seeds":1527,"minecraft:raw_gold":36,"minecraft:grindstone":1,"minecraft:bolt_armor_trim_smithing_template":2,"minecraft:scrape_pottery_sherd":4,"minecraft:oak_planks":175,"minecraft:ghast_tear":6,"minecraft:cooked_porkchop":8,"minecraft:waxed_oxidized_copper_bulb":1,"minecraft:sand":597,"minecraft:waxed_chiseled_copper":3,"minecraft:grass_block":6,"minecraft:chiseled_sandstone":1,"minecraft:mossy_cobblestone":10,"minecraft:diamond":65,"minecraft:crossbow":5,"minecraft:breeze_rod":38,"minecraft:bone_meal":211,"minecraft:golden_apple":2,"minecraft:emerald":118,"minecraft:oak_sapling":427,"minecraft:netherrack":166,"minecraft:lingering_potion":9,"minecraft:cocoa_beans":164,"minecraft:charcoal":61,"minecraft:waxed_oxidized_cut_copper":11,"minecraft:splash_potion":9,"minecraft:chicken":23,"minecraft:ladder":83,"minecraft:diamond_horse_armor":1,"minecraft:brick":268,"minecraft:shield":13,"minecraft:oak_trapdoor":1,"minecraft:iron_axe":16,"minecraft:item_frame":18,"minecraft:oak_boat":21,"minecraft:observer":6,"minecraft:sugar_cane":69,"minecraft:raw_iron":84,"minecraft:bamboo_hanging_sign":3,"minecraft:copper_ingot":34,"minecraft:stone_button":3,"travelersbackpack:hose":1,"minecraft:iron_horse_armor":1,"minecraft:stone_pressure_plate":1,"moretools:diamond_excavator":1,"minecraft:arrow":418,"minecraft:saddle":2,"minecraft:golden_carrot":1,"minecraft:cut_sandstone":10,"minecraft:leather":28,"minecraft:birch_planks":124,"minecraft:waxed_copper_block":37,"minecraft:cobblestone_stairs":22,"minecraft:yellow_bed":4,"minecraft:nether_wart_block":3,"minecraft:gunpowder":62,"minecraft:cooked_mutton":3,"minecraft:rabbit_hide":1,"minecraft:iron_ingot":51,"minecraft:polished_tuff_slab":13,"minecraft:cooked_chicken":286,"minecraft:soul_sand":6,"minecraft:green_dye":2,"minecraft:book":57,"minecraft:oak_slab":38,"minecraft:pumpkin":18,"minecraft:bamboo_planks":13,"minecraft:quartz":32,"minecraft:dandelion":5,"minecraft:lava_bucket":9,"minecraft:blast_furnace":1,"minecraft:white_bed":6,"minecraft:spider_eye":71,"minecraft:pumpkin_seeds":30,"minecraft:iron_helmet":8,"travelersbackpack:pumpkin":1,"minecraft:chiseled_tuff_bricks":18,"minecraft:coal":406},"minecraft:killed_by":{"minecraft:cave_spider":1,"minecraft:skeleton":5},"minecraft:crafted":{"minecraft:smooth_stone":237,"minecraft:oak_sign":24,"travelersbackpack:crafting_upgrade":1,"minecraft:purple_bed":1,"minecraft:wolf_armor":7,"moretools:iron_excavator":15,"minecraft:birch_slab":162,"travelersbackpack:enderman":1,"minecraft:lever":2,"minecraft:diamond_shovel":3,"minecraft:bookshelf":33,"minecraft:glass":143,"minecraft:diamond_helmet":2,"minecraft:repeater":4,"minecraft:diamond_leggings":2,"chunkloaders:single_chunk_loader":18,"minecraft:magenta_dye":2,"minecraft:glass_bottle":147,"minecraft:diamond_axe":1,"travelersbackpack:standard":2,"minecraft:copper_ingot":162,"minecraft:fletching_table":4,"minecraft:oak_wood":21,"minecraft:campfire":1,"minecraft:cartography_table":4,"minecraft:lectern":1,"moretools:diamond_hammer":3,"minecraft:iron_pickaxe":34,"minecraft:iron_block":6,"minecraft:gold_ingot":8,"minecraft:composter":2,"minecraft:birch_stairs":24,"minecraft:stone_shovel":5,"minecraft:smooth_stone_slab":24,"minecraft:iron_nugget":54,"minecraft:bone_meal":435,"travelersbackpack:blank_upgrade":4,"minecraft:polished_tuff":772,"travelersbackpack:gold_tier_upgrade":1,"chunkloaders:basic_chunk_loader":2,"minecraft:lantern":6,"travelersbackpack:white_sleeping_bag":2,"minecraft:polished_diorite":456,"moretools:iron_saw":3,"minecraft:ladder":15,"minecraft:stone_pickaxe":3,"minecraft:diamond_boots":2,"minecraft:redstone_block":20,"minecraft:dark_oak_planks":12,"minecraft:wheat":180,"minecraft:crossbow":1,"minecraft:enchanting_table":1,"minecraft:polished_tuff_slab":390,"minecraft:polished_granite":292,"minecraft:glowstone":1,"minecraft:orange_dye":2,"travelersbackpack:pumpkin":2,"minecraft:birch_trapdoor":2,"minecraft:iron_shovel":31,"minecraft:armor_stand":1,"minecraft:white_bed":1,"minecraft:oak_planks":3532,"minecraft:cobblestone_slab":162,"minecraft:barrel":6,"travelersbackpack:hose_nozzle":1,"minecraft:cobblestone_stairs":108,"minecraft:stone":57,"minecraft:warped_planks":24,"minecraft:hopper":11,"minecraft:bow":9,"minecraft:comparator":2,"minecraft:chest":297,"minecraft:tuff_brick_wall":120,"minecraft:oak_fence":27,"minecraft:golden_boots":3,"minecraft:oak_slab":156,"minecraft:item_frame":75,"travelersbackpack:iron_tier_upgrade":1,"minecraft:arrow":32,"minecraft:crafting_table":8,"minecraft:wooden_pickaxe":1,"minecraft:brush":8,"minecraft:birch_pressure_plate":1,"minecraft:birch_planks":868,"minecraft:dispenser":4,"minecraft:book":51,"minecraft:paper":162,"minecraft:diamond_pickaxe":9,"minecraft:charcoal":39,"minecraft:yellow_dye":2,"minecraft:purple_dye":2,"minecraft:shield":6,"minecraft:stick":928,"minecraft:light_blue_dye":2,"minecraft:iron_ingot":401,"minecraft:redstone_torch":18,"minecraft:chiseled_tuff_bricks":1,"minecraft:tuff_brick_slab":588,"minecraft:shears":2,"minecraft:polished_andesite":220,"minecraft:oak_door":3,"minecraft:redstone":180,"minecraft:golden_chestplate":1,"minecraft:tuff_bricks":448,"minecraft:stone_button":2,"minecraft:furnace":1,"minecraft:piston":24,"minecraft:oak_trapdoor":8,"minecraft:flint_and_steel":1,"minecraft:iron_axe":5,"minecraft:iron_hoe":3,"minecraft:cobblestone_wall":48,"travelersbackpack:diamond_tier_upgrade":1,"minecraft:observer":25,"travelersbackpack:hose":1,"minecraft:cooked_beef":10,"minecraft:red_dye":2,"travelersbackpack:backpack_tank":6,"moretools:diamond_excavator":1,"minecraft:bucket":36,"minecraft:stone_axe":3,"minecraft:air":0,"minecraft:blue_dye":2,"minecraft:oak_boat":5,"moretools:iron_hammer":12,"minecraft:white_dye":1,"minecraft:torch":420,"minecraft:orange_bed":1,"minecraft:diamond_chestplate":2},"minecraft:killed":{"minecraft:cave_spider":50,"minecraft:skeleton":99,"minecraft:chicken":26,"minecraft:iron_golem":2,"minecraft:pillager":34,"minecraft:zombie":23,"minecraft:cow":45,"minecraft:wandering_trader":4,"minecraft:breeze":12,"minecraft:enderman":3,"minecraft:spider":52,"minecraft:piglin":2,"minecraft:pig":6,"minecraft:creeper":6,"minecraft:sheep":3,"minecraft:trader_llama":8,"minecraft:ghast":3,"minecraft:drowned":3,"minecraft:squid":2,"minecraft:villager":2},"minecraft:mined":{"minecraft:white_bed":6,"minecraft:carved_pumpkin":1,"minecraft:obsidian":23,"minecraft:granite":222,"minecraft:jungle_log":117,"minecraft:chiseled_tuff_bricks":16,"minecraft:hopper":53,"minecraft:oak_wall_sign":19,"minecraft:tall_seagrass":5,"minecraft:cobbled_deepslate":11,"minecraft:fire":14,"minecraft:barrel":6,"minecraft:waxed_oxidized_copper_bulb":1,"minecraft:pumpkin":4,"minecraft:deepslate_lapis_ore":6,"minecraft:enchanting_table":1,"chunkloaders:single_chunk_loader":1,"minecraft:dirt_path":86,"minecraft:smoker":4,"minecraft:torch":50,"minecraft:blast_furnace":1,"minecraft:melon":16,"minecraft:glass":29,"minecraft:sugar_cane":43,"minecraft:repeater":19,"minecraft:wheat":539,"minecraft:lilac":1,"minecraft:waxed_copper_block":26,"minecraft:stonecutter":1,"minecraft:deepslate":8079,"minecraft:mossy_cobblestone":9,"minecraft:crafter":16,"minecraft:dark_oak_fence":2,"minecraft:redstone_wire":78,"minecraft:red_mushroom":1,"minecraft:waxed_oxidized_cut_copper":6,"minecraft:waxed_copper_grate":6,"minecraft:andesite":289,"minecraft:cobblestone_slab":7,"minecraft:vine":1,"minecraft:smithing_table":1,"minecraft:oak_slab":8,"minecraft:birch_stairs":6,"minecraft:comparator":9,"minecraft:soul_sand":2,"minecraft:observer":3,"minecraft:dandelion":4,"minecraft:cornflower":1,"minecraft:short_grass":265,"minecraft:emerald_ore":1,"minecraft:warped_roots":1,"minecraft:campfire":2,"minecraft:copper_ore":122,"minecraft:deepslate_gold_ore":27,"minecraft:diorite":668,"minecraft:birch_leaves":17,"minecraft:gravel":380,"minecraft:cobweb":18,"minecraft:gold_ore":3,"minecraft:fern":1,"minecraft:farmland":4,"minecraft:cobblestone_stairs":13,"travelersbackpack:pumpkin":1,"minecraft:grass_block":5990,"minecraft:tuff_brick_slab":19,"minecraft:polished_diorite":22,"minecraft:composter":4,"minecraft:tuff_bricks":104,"minecraft:smooth_stone":30,"minecraft:glowstone":2,"minecraft:iron_ore":33,"minecraft:polished_tuff":6,"minecraft:polished_tuff_slab":4,"minecraft:deepslate_redstone_ore":95,"minecraft:poppy":5,"minecraft:chest":191,"minecraft:nether_quartz_ore":29,"minecraft:cobblestone":138,"minecraft:grindstone":1,"minecraft:oak_planks":36,"minecraft:waxed_chiseled_copper":3,"minecraft:wall_torch":85,"minecraft:seagrass":2,"minecraft:warped_nylium":1,"minecraft:red_candle":1,"minecraft:birch_log":252,"minecraft:birch_trapdoor":3,"minecraft:oak_log":1069,"minecraft:beetroots":125,"minecraft:waxed_oxidized_copper":1,"minecraft:sand":583,"minecraft:dirt":6937,"minecraft:dispenser":2,"minecraft:netherrack":108,"minecraft:oak_leaves":261,"minecraft:tuff":955,"minecraft:deepslate_diamond_ore":50,"minecraft:lever":13,"minecraft:decorated_pot":47,"minecraft:birch_slab":20,"minecraft:sandstone":13,"minecraft:furnace":9,"minecraft:carrots":338,"minecraft:bookshelf":16,"minecraft:deepslate_iron_ore":22,"minecraft:stone":10121,"minecraft:redstone_wall_torch":7,"minecraft:polished_granite":30,"minecraft:tuff_brick_wall":2,"minecraft:oak_fence":82,"minecraft:crafting_table":8,"minecraft:oak_wood":2,"minecraft:red_glazed_terracotta":1,"minecraft:lapis_ore":7,"minecraft:birch_planks":118,"minecraft:cactus":1,"minecraft:redstone_torch":4,"chunkloaders:basic_chunk_loader":2,"minecraft:white_wall_banner":1,"minecraft:bee_nest":2,"minecraft:yellow_bed":4,"minecraft:coal_ore":326,"minecraft:cocoa":11,"minecraft:flower_pot":8,"minecraft:cracked_stone_bricks":2,"minecraft:polished_andesite":22},"minecraft:used":{"minecraft:orange_dye":1,"minecraft:tuff_bricks":34,"minecraft:dispenser":7,"minecraft:ladder":50,"minecraft:chest":426,"minecraft:stone":31,"minecraft:soul_sand":2,"minecraft:cocoa_beans":88,"minecraft:crafter":14,"minecraft:lava_bucket":3,"minecraft:villager_spawn_egg":2,"minecraft:grass_block":297,"minecraft:bow":141,"minecraft:furnace":5,"moretools:diamond_hammer":14104,"minecraft:egg":33,"minecraft:cow_spawn_egg":26,"minecraft:wooden_pickaxe":13,"minecraft:composter":4,"chunkloaders:single_chunk_loader":27,"minecraft:sand":28,"minecraft:blast_furnace":2,"minecraft:birch_slab":128,"minecraft:stone_button":6,"minecraft:polished_granite":81,"minecraft:chiseled_tuff_bricks":11,"minecraft:birch_log":4,"minecraft:oak_boat":11,"minecraft:oak_trapdoor":6,"minecraft:enchanting_table":2,"minecraft:armor_stand":2,"minecraft:netherrack":39,"minecraft:trial_key":9,"minecraft:orange_bed":1,"minecraft:torch":725,"minecraft:polished_diorite":305,"minecraft:iron_axe":531,"minecraft:jungle_log":18,"minecraft:chicken_spawn_egg":47,"minecraft:barrel":8,"minecraft:diamond_chestplate":1,"minecraft:glowstone":1,"travelersbackpack:hose":35,"minecraft:cobbled_deepslate":71,"minecraft:observer":27,"minecraft:golden_axe":66,"minecraft:wheat_seeds":540,"minecraft:water_bucket":121,"minecraft:birch_planks":252,"minecraft:lead":1,"minecraft:cracked_stone_bricks":2,"minecraft:comparator":12,"minecraft:oak_slab":101,"minecraft:crafting_table":10,"minecraft:campfire":1,"minecraft:white_bed":6,"minecraft:oak_log":59,"minecraft:yellow_dye":1,"minecraft:diamond_pickaxe":1558,"minecraft:diamond_shovel":831,"minecraft:iron_pickaxe":762,"minecraft:cobblestone":82,"minecraft:purple_bed":1,"minecraft:cooked_porkchop":18,"minecraft:repeating_command_block":1,"minecraft:brush":2,"minecraft:iron_shovel":192,"minecraft:oak_sign":35,"minecraft:shield":261,"minecraft:iron_sword":29,"minecraft:iron_chestplate":3,"minecraft:birch_pressure_plate":1,"minecraft:carrot":444,"minecraft:tuff":12,"minecraft:obsidian":4,"minecraft:glass":268,"minecraft:lantern":6,"minecraft:tuff_brick_wall":46,"minecraft:iron_helmet":1,"minecraft:item_frame":93,"minecraft:birch_trapdoor":3,"minecraft:repeater":28,"minecraft:beetroot_seeds":125,"minecraft:golden_boots":2,"minecraft:diamond_boots":1,"minecraft:stone_pickaxe":135,"minecraft:oak_planks":318,"minecraft:ender_pearl":2,"minecraft:diamond_axe":832,"minecraft:sugar_cane":58,"moretools:diamond_excavator":4706,"minecraft:sponge":11,"minecraft:shears":1,"minecraft:polished_tuff":6,"minecraft:redstone_torch":11,"minecraft:lever":20,"minecraft:bread":107,"travelersbackpack:pumpkin":7,"minecraft:gravel":268,"minecraft:andesite":12,"minecraft:smooth_stone_slab":12,"minecraft:experience_bottle":335,"minecraft:oak_fence":41,"minecraft:netherite_sword":69,"minecraft:flint_and_steel":9,"moretools:iron_excavator":7746,"minecraft:stone_shovel":665,"minecraft:redstone":151,"minecraft:cooked_chicken":198,"minecraft:oak_door":1,"minecraft:dirt":5896,"minecraft:hopper":77,"minecraft:cobblestone_wall":48,"minecraft:diamond_helmet":1,"minecraft:oak_wood":22,"minecraft:iron_hoe":265,"minecraft:bookshelf":32,"moretools:iron_saw":1260,"minecraft:cooked_beef":86,"minecraft:pumpkin":1,"minecraft:iron_leggings":1,"minecraft:cobblestone_stairs":104,"chunkloaders:basic_chunk_loader":1,"minecraft:polished_andesite":73,"moretools:iron_hammer":5328,"minecraft:cobblestone_slab":77,"minecraft:smoker":2,"minecraft:polished_tuff_slab":9,"minecraft:piston":24,"minecraft:apple":1,"minecraft:command_block":1,"minecraft:purple_dye":1,"minecraft:tuff_brick_slab":549,"minecraft:stone_axe":133,"minecraft:white_banner":3,"minecraft:bucket":156,"minecraft:yellow_bed":3,"minecraft:smooth_stone":400,"minecraft:birch_stairs":23}},"DataVersion":3955}