{"stats":{"minecraft:killed":{"minecraft:cave_spider":50,"minecraft:spider":52,"minecraft:skeleton":99,"minecraft:chicken":2,"minecraft:piglin":2,"minecraft:pig":6,"minecraft:iron_golem":2,"minecraft:creeper":6,"minecraft:sheep":3,"minecraft:trader_llama":8,"minecraft:pillager":34,"minecraft:zombie":22,"minecraft:ghast":3,"minecraft:cow":21,"minecraft:drowned":3,"minecraft:wandering_trader":4,"minecraft:squid":2,"minecraft:breeze":12,"minecraft:villager":2,"minecraft:enderman":3},"minecraft:dropped":{"minecraft:diamond_axe":3,"minecraft:cooked_beef":6,"minecraft:oak_log":160,"minecraft:baked_potato":1,"minecraft:glass_bottle":44,"minecraft:warped_roots":1,"minecraft:leather":3,"minecraft:flint":6,"minecraft:dirt":1561,"minecraft:crimson_roots":2,"minecraft:sand":12,"minecraft:iron_pickaxe":3,"moretools:iron_saw":2,"minecraft:gravel":33,"minecraft:stone_axe":3,"minecraft:cooked_chicken":31,"minecraft:birch_sapling":7,"chunkloaders:basic_chunk_loader":1,"minecraft:oak_planks":28,"minecraft:cooked_mutton":3,"minecraft:honey_bottle":1,"minecraft:waxed_copper_block":8,"minecraft:carrot":256,"minecraft:charcoal":5,"minecraft:lingering_potion":2,"minecraft:hopper":1,"minecraft:breeze_rod":2,"minecraft:arrow":58,"minecraft:warped_wart_block":2,"minecraft:iron_ingot":171,"minecraft:golden_boots":2,"moretools:iron_hammer":1,"minecraft:cobblestone":1627,"minecraft:book":7,"minecraft:iron_block":9,"minecraft:torch":11,"minecraft:nether_wart_block":3,"travelersbackpack:enderman":1,"minecraft:fire_charge":20,"minecraft:potion":1,"minecraft:iron_axe":2,"minecraft:cactus":1,"minecraft:bucket":1,"minecraft:warped_nylium":1,"minecraft:cocoa_beans":1,"minecraft:raw_iron":7,"minecraft:chicken":2,"minecraft:iron_hoe":3,"minecraft:pumpkin_seeds":4,"minecraft:shield":2,"minecraft:trial_key":1,"minecraft:iron_chestplate":1,"moretools:diamond_hammer":2,"minecraft:oak_boat":1,"minecraft:oak_sapling":36,"minecraft:bow":5,"minecraft:stone_pickaxe":1},"minecraft:used":{"minecraft:orange_dye":1,"minecraft:tuff_bricks":34,"minecraft:iron_shovel":192,"minecraft:dispenser":4,"minecraft:ladder":47,"minecraft:oak_sign":35,"minecraft:shield":261,"minecraft:chest":386,"minecraft:stone":11,"minecraft:iron_sword":29,"minecraft:iron_chestplate":3,"minecraft:birch_pressure_plate":1,"minecraft:soul_sand":2,"minecraft:cocoa_beans":46,"minecraft:crafter":3,"minecraft:carrot":444,"minecraft:tuff":12,"minecraft:obsidian":4,"minecraft:glass":264,"minecraft:lava_bucket":2,"minecraft:villager_spawn_egg":2,"minecraft:lantern":6,"minecraft:grass_block":4,"minecraft:tuff_brick_wall":46,"minecraft:iron_helmet":1,"minecraft:item_frame":93,"minecraft:repeater":9,"minecraft:birch_trapdoor":3,"minecraft:bow":141,"minecraft:furnace":3,"minecraft:beetroot_seeds":125,"moretools:diamond_hammer":14104,"minecraft:egg":32,"minecraft:golden_boots":2,"minecraft:stone_pickaxe":135,"minecraft:oak_planks":301,"minecraft:ender_pearl":2,"minecraft:wooden_pickaxe":13,"minecraft:composter":4,"minecraft:sugar_cane":42,"minecraft:diamond_axe":579,"chunkloaders:single_chunk_loader":18,"moretools:diamond_excavator":4706,"minecraft:sand":17,"minecraft:sponge":8,"minecraft:shears":1,"minecraft:polished_tuff":6,"minecraft:redstone_torch":3,"minecraft:lever":12,"minecraft:stone_button":4,"minecraft:birch_slab":100,"minecraft:bread":107,"minecraft:polished_granite":81,"travelersbackpack:pumpkin":7,"minecraft:gravel":268,"minecraft:chiseled_tuff_bricks":11,"minecraft:andesite":6,"minecraft:smooth_stone_slab":9,"minecraft:birch_log":4,"minecraft:oak_boat":11,"minecraft:oak_fence":38,"minecraft:experience_bottle":335,"minecraft:oak_trapdoor":6,"minecraft:enchanting_table":1,"minecraft:flint_and_steel":9,"moretools:iron_excavator":3958,"minecraft:armor_stand":1,"minecraft:stone_shovel":665,"minecraft:redstone":48,"minecraft:trial_key":9,"minecraft:cooked_chicken":176,"minecraft:netherrack":39,"minecraft:orange_bed":1,"minecraft:oak_door":1,"minecraft:torch":471,"minecraft:dirt":3866,"minecraft:hopper":17,"minecraft:cobblestone_wall":48,"minecraft:oak_wood":22,"minecraft:polished_diorite":305,"minecraft:iron_hoe":265,"minecraft:bookshelf":15,"minecraft:iron_axe":531,"minecraft:jungle_log":9,"minecraft:barrel":8,"moretools:iron_saw":1166,"minecraft:glowstone":1,"travelersbackpack:hose":35,"minecraft:cooked_beef":86,"minecraft:cobbled_deepslate":71,"minecraft:pumpkin":1,"minecraft:observer":27,"minecraft:golden_axe":66,"minecraft:iron_leggings":1,"minecraft:wheat_seeds":540,"minecraft:water_bucket":120,"minecraft:cobblestone_stairs":104,"chunkloaders:basic_chunk_loader":1,"minecraft:birch_planks":98,"minecraft:lead":1,"minecraft:polished_andesite":73,"moretools:iron_hammer":3040,"minecraft:cobblestone_slab":75,"minecraft:cracked_stone_bricks":2,"minecraft:comparator":3,"minecraft:crafting_table":9,"minecraft:oak_slab":101,"minecraft:white_bed":6,"minecraft:campfire":1,"minecraft:oak_log":59,"minecraft:polished_tuff_slab":9,"minecraft:piston":24,"minecraft:yellow_dye":1,"minecraft:diamond_pickaxe":1558,"minecraft:apple":1,"minecraft:diamond_shovel":831,"minecraft:command_block":1,"minecraft:iron_pickaxe":762,"minecraft:purple_dye":1,"minecraft:tuff_brick_slab":549,"minecraft:stone_axe":133,"minecraft:purple_bed":1,"minecraft:cobblestone":48,"minecraft:white_banner":3,"minecraft:cooked_porkchop":18,"minecraft:bucket":155,"minecraft:repeating_command_block":1,"minecraft:yellow_bed":3,"minecraft:brush":2,"minecraft:birch_stairs":23,"minecraft:smooth_stone":400},"minecraft:custom":{"minecraft:animals_bred":105,"minecraft:interact_with_crafting_table":205,"minecraft:open_barrel":82,"minecraft:leave_game":50,"minecraft:time_since_death":654364,"minecraft:sprint_one_cm":3667143,"minecraft:damage_blocked_by_shield":13712,"minecraft:drop":149,"minecraft:talked_to_villager":18,"minecraft:play_time":1913836,"minecraft:deaths":9,"minecraft:jump":30298,"minecraft:walk_on_water_one_cm":202850,"minecraft:enchant_item":4,"minecraft:interact_with_furnace":107,"minecraft:sleep_in_bed":135,"minecraft:damage_dealt":50379,"minecraft:crouch_one_cm":137326,"minecraft:interact_with_smoker":8,"minecraft:inspect_dispenser":39,"minecraft:interact_with_smithing_table":7,"minecraft:interact_with_anvil":1,"minecraft:mob_kills":341,"minecraft:inspect_hopper":76,"minecraft:climb_one_cm":93974,"minecraft:walk_one_cm":5625173,"minecraft:sneak_time":43444,"minecraft:walk_under_water_one_cm":79318,"minecraft:boat_one_cm":15641,"minecraft:interact_with_blast_furnace":12,"minecraft:total_world_time":1913836,"minecraft:time_since_rest":5381,"minecraft:damage_taken":16864,"minecraft:swim_one_cm":167444,"minecraft:fly_one_cm":7785501,"minecraft:open_chest":2294,"minecraft:fall_one_cm":857718},"minecraft:picked_up":{"minecraft:wooden_axe":2,"minecraft:iron_chestplate":7,"minecraft:wheat":508,"minecraft:chainmail_boots":1,"minecraft:flower_pot":16,"minecraft:sentry_armor_trim_smithing_template":1,"minecraft:lead":42,"minecraft:smithing_table":2,"minecraft:stone_slab":6,"minecraft:enchanted_book":4,"minecraft:potion":8,"minecraft:string":192,"minecraft:raw_copper":539,"minecraft:smooth_stone_slab":3,"minecraft:iron_leggings":6,"minecraft:red_candle":6,"minecraft:experience_bottle":430,"minecraft:oak_sign":26,"minecraft:beetroot":124,"minecraft:diamond_leggings":1,"minecraft:smooth_stone":27,"minecraft:gold_nugget":6,"minecraft:cobbled_deepslate":8071,"minecraft:bucket":6,"minecraft:trial_key":33,"minecraft:redstone_torch":5,"minecraft:cobblestone_slab":103,"minecraft:iron_pickaxe":8,"minecraft:melon_slice":84,"minecraft:iron_boots":2,"minecraft:furnace":9,"minecraft:golden_helmet":1,"minecraft:tipped_arrow":31,"minecraft:stick":267,"minecraft:composter":4,"minecraft:birch_trapdoor":3,"minecraft:oak_fence":47,"minecraft:torch":460,"minecraft:porkchop":10,"minecraft:waxed_copper_grate":12,"minecraft:diorite":886,"minecraft:warped_planks":2,"minecraft:golden_chestplate":3,"minecraft:cactus":5,"minecraft:rotten_flesh":91,"minecraft:honey_bottle":21,"moretools:iron_hammer":1,"minecraft:armadillo_scute":32,"minecraft:iron_block":15,"minecraft:carved_pumpkin":1,"minecraft:tuff_brick_wall":2,"moretools:diamond_hammer":4,"minecraft:obsidian":30,"minecraft:snowball":13,"minecraft:cobblestone":9748,"minecraft:nautilus_shell":1,"minecraft:birch_log":228,"minecraft:andesite":301,"minecraft:lilac":12,"minecraft:feather":34,"minecraft:cooked_beef":54,"minecraft:repeater":6,"minecraft:water_bucket":9,"minecraft:birch_slab":52,"minecraft:jungle_log":95,"minecraft:golden_leggings":2,"minecraft:potato":3,"minecraft:smoker":4,"minecraft:flint":49,"minecraft:tuff":1342,"moretools:iron_excavator":1,"minecraft:lapis_lazuli":244,"minecraft:dirt":10964,"minecraft:polished_granite":30,"minecraft:name_tag":2,"minecraft:glass":518,"minecraft:bone":217,"minecraft:stonecutter":2,"minecraft:bow":20,"minecraft:wheat_seeds":1525,"minecraft:raw_gold":36,"minecraft:grindstone":1,"minecraft:bolt_armor_trim_smithing_template":2,"minecraft:diamond_helmet":1,"minecraft:glowstone_dust":10,"minecraft:honeycomb":25,"minecraft:oak_planks":138,"minecraft:scrape_pottery_sherd":4,"minecraft:ghast_tear":6,"minecraft:cooked_porkchop":8,"minecraft:waxed_oxidized_copper_bulb":1,"minecraft:warped_wart_block":5,"minecraft:waxed_chiseled_copper":3,"minecraft:sand":578,"minecraft:ink_sac":62,"minecraft:grass_block":5,"minecraft:chiseled_sandstone":1,"minecraft:barrel":10,"minecraft:mossy_cobblestone":10,"minecraft:iron_hoe":4,"minecraft:polished_andesite":22,"minecraft:dispenser":4,"minecraft:diamond":65,"minecraft:lever":13,"minecraft:breeze_rod":38,"minecraft:crossbow":5,"minecraft:granite":319,"minecraft:golden_apple":2,"minecraft:bread":60,"minecraft:emerald":118,"minecraft:music_disc_precipice":2,"minecraft:oak_sapling":414,"minecraft:netherrack":166,"minecraft:crimson_roots":2,"minecraft:diamond_pickaxe":2,"minecraft:charcoal":57,"minecraft:lingering_potion":9,"minecraft:cocoa_beans":50,"minecraft:waxed_oxidized_cut_copper":11,"minecraft:crafting_table":8,"minecraft:tuff_brick_slab":48,"minecraft:splash_potion":9,"minecraft:ominous_bottle":14,"minecraft:chicken":2,"minecraft:ladder":83,"minecraft:clay_ball":8,"minecraft:diamond_horse_armor":1,"minecraft:shield":12,"minecraft:brick":268,"minecraft:wind_charge":19,"minecraft:cornflower":1,"minecraft:oak_trapdoor":1,"minecraft:iron_axe":16,"minecraft:flint_and_steel":1,"minecraft:item_frame":18,"minecraft:white_carpet":1,"minecraft:iron_shovel":1,"minecraft:glass_pane":59,"minecraft:cracked_stone_bricks":2,"minecraft:beef":48,"minecraft:oak_boat":20,"minecraft:observer":6,"minecraft:iron_nugget":14,"minecraft:poppy":142,"minecraft:sugar_cane":68,"minecraft:guster_pottery_sherd":3,"minecraft:chest":175,"minecraft:birch_sapling":57,"minecraft:waxed_oxidized_copper":1,"minecraft:egg":37,"minecraft:sandstone":13,"minecraft:raw_iron":82,"minecraft:oak_door":2,"minecraft:bamboo_hanging_sign":3,"minecraft:copper_ingot":34,"minecraft:fire_charge":6,"minecraft:flow_pottery_sherd":9,"minecraft:stone_button":2,"minecraft:carrot":1264,"minecraft:redstone":758,"moretools:diamond_excavator":1,"minecraft:iron_horse_armor":1,"minecraft:stone_pressure_plate":1,"minecraft:tnt":9,"minecraft:arrow":354,"minecraft:diamond_chestplate":1,"minecraft:beetroot_seeds":366,"minecraft:decorated_pot":1,"minecraft:shears":2,"minecraft:diamond_boots":1,"minecraft:saddle":2,"minecraft:gold_ingot":6,"minecraft:tuff_bricks":104,"minecraft:mutton":6,"minecraft:white_wool":6,"minecraft:clock":7,"minecraft:golden_carrot":1,"minecraft:leather":28,"minecraft:cut_sandstone":10,"minecraft:red_glazed_terracotta":2,"minecraft:red_mushroom":2,"minecraft:crafter":2,"minecraft:birch_planks":18,"chunkloaders:single_chunk_loader":8,"minecraft:oak_log":1227,"minecraft:waxed_copper_block":37,"minecraft:golden_boots":8,"minecraft:yellow_bed":4,"minecraft:nether_wart_block":3,"minecraft:gunpowder":62,"minecraft:cobblestone_stairs":22,"minecraft:white_banner":8,"moretools:iron_saw":5,"minecraft:cooked_mutton":3,"minecraft:apple":41,"minecraft:rabbit_hide":1,"minecraft:iron_ingot":51,"minecraft:stone_pickaxe":1,"minecraft:polished_tuff_slab":13,"minecraft:cooked_chicken":248,"minecraft:glass_bottle":1230,"minecraft:iron_sword":2,"travelersbackpack:blank_upgrade":1,"minecraft:soul_sand":6,"minecraft:green_dye":2,"minecraft:book":9,"minecraft:oak_slab":38,"minecraft:bamboo_planks":13,"minecraft:pumpkin":18,"minecraft:dandelion":5,"minecraft:quartz":32,"minecraft:gravel":586,"minecraft:lava_bucket":4,"minecraft:birch_stairs":13,"minecraft:blast_furnace":1,"minecraft:white_bed":6,"minecraft:spider_eye":71,"minecraft:polished_tuff":10,"minecraft:oak_wood":2,"minecraft:diamond_shovel":5,"minecraft:pumpkin_seeds":30,"minecraft:polished_diorite":24,"minecraft:stone_axe":4,"minecraft:iron_helmet":8,"minecraft:diamond_axe":6,"travelersbackpack:pumpkin":1,"chunkloaders:basic_chunk_loader":2,"minecraft:warped_roots":5,"minecraft:baked_potato":9,"minecraft:melon_seeds":3,"minecraft:warped_nylium":3,"minecraft:coal":394,"minecraft:chiseled_tuff_bricks":18,"minecraft:hopper":10,"minecraft:ender_pearl":6},"minecraft:broken":{"minecraft:iron_shovel":1,"moretools:diamond_hammer":1,"minecraft:stone_pickaxe":1,"moretools:iron_hammer":1,"minecraft:stone_axe":1,"minecraft:stone_shovel":5,"minecraft:shield":3,"minecraft:golden_axe":1,"minecraft:brush":8,"minecraft:iron_axe":2,"minecraft:iron_pickaxe":2},"minecraft:mined":{"minecraft:white_bed":6,"minecraft:farmland":4,"minecraft:cobblestone_stairs":13,"travelersbackpack:pumpkin":1,"minecraft:obsidian":23,"minecraft:carved_pumpkin":1,"minecraft:grass_block":4119,"minecraft:granite":222,"minecraft:tuff_brick_slab":19,"minecraft:jungle_log":108,"minecraft:polished_diorite":22,"minecraft:chiseled_tuff_bricks":16,"minecraft:composter":3,"minecraft:hopper":6,"minecraft:oak_wall_sign":19,"minecraft:tuff_bricks":104,"minecraft:smooth_stone":30,"minecraft:tall_seagrass":5,"minecraft:glowstone":2,"minecraft:iron_ore":31,"minecraft:barrel":6,"minecraft:fire":14,"minecraft:cobbled_deepslate":11,"minecraft:polished_tuff":6,"minecraft:waxed_oxidized_copper_bulb":1,"minecraft:pumpkin":4,"minecraft:deepslate_lapis_ore":6,"chunkloaders:single_chunk_loader":1,"minecraft:dirt_path":86,"minecraft:polished_tuff_slab":4,"minecraft:deepslate_redstone_ore":95,"minecraft:smoker":4,"minecraft:torch":27,"minecraft:blast_furnace":1,"minecraft:melon":16,"minecraft:poppy":4,"minecraft:chest":165,"minecraft:glass":27,"minecraft:cobblestone":74,"minecraft:nether_quartz_ore":29,"minecraft:oak_planks":19,"minecraft:sugar_cane":43,"minecraft:waxed_chiseled_copper":3,"minecraft:grindstone":1,"minecraft:wall_torch":85,"minecraft:seagrass":2,"minecraft:repeater":6,"minecraft:red_candle":1,"minecraft:warped_nylium":1,"minecraft:birch_log":220,"minecraft:wheat":539,"minecraft:birch_trapdoor":3,"minecraft:lilac":1,"minecraft:waxed_copper_block":26,"minecraft:oak_log":1031,"minecraft:beetroots":125,"minecraft:waxed_oxidized_copper":1,"minecraft:sand":563,"minecraft:dirt":5145,"minecraft:dispenser":2,"minecraft:stonecutter":1,"minecraft:netherrack":108,"minecraft:oak_leaves":258,"minecraft:deepslate":8079,"minecraft:tuff":955,"minecraft:mossy_cobblestone":9,"minecraft:deepslate_diamond_ore":50,"minecraft:crafter":3,"minecraft:lever":9,"minecraft:dark_oak_fence":2,"minecraft:decorated_pot":47,"minecraft:redstone_wire":8,"minecraft:birch_slab":8,"minecraft:red_mushroom":1,"minecraft:sandstone":13,"minecraft:waxed_oxidized_cut_copper":6,"minecraft:furnace":9,"minecraft:carrots":338,"minecraft:waxed_copper_grate":6,"minecraft:andesite":280,"minecraft:cobblestone_slab":7,"minecraft:deepslate_iron_ore":22,"minecraft:vine":1,"minecraft:stone":8041,"minecraft:redstone_wall_torch":1,"minecraft:smithing_table":1,"minecraft:birch_stairs":6,"minecraft:oak_slab":8,"minecraft:soul_sand":2,"minecraft:dandelion":2,"minecraft:polished_granite":30,"minecraft:observer":3,"minecraft:tuff_brick_wall":2,"minecraft:oak_fence":32,"minecraft:crafting_table":6,"minecraft:cornflower":1,"minecraft:short_grass":259,"minecraft:emerald_ore":1,"minecraft:oak_wood":2,"minecraft:warped_roots":1,"minecraft:campfire":1,"minecraft:copper_ore":103,"minecraft:red_glazed_terracotta":1,"minecraft:lapis_ore":7,"minecraft:deepslate_gold_ore":27,"minecraft:diorite":635,"minecraft:birch_planks":11,"minecraft:cactus":1,"minecraft:redstone_torch":2,"chunkloaders:basic_chunk_loader":2,"minecraft:birch_leaves":16,"minecraft:white_wall_banner":1,"minecraft:bee_nest":2,"minecraft:yellow_bed":4,"minecraft:coal_ore":314,"minecraft:cocoa":11,"minecraft:flower_pot":8,"minecraft:gravel":259,"minecraft:cobweb":18,"minecraft:cracked_stone_bricks":2,"minecraft:polished_andesite":22,"minecraft:gold_ore":3,"minecraft:fern":1},"minecraft:killed_by":{"minecraft:cave_spider":1,"minecraft:skeleton":5},"minecraft:crafted":{"minecraft:smooth_stone":237,"minecraft:oak_planks":3312,"minecraft:oak_sign":24,"minecraft:cobblestone_slab":162,"minecraft:barrel":6,"travelersbackpack:crafting_upgrade":1,"minecraft:purple_bed":1,"minecraft:birch_slab":144,"minecraft:wolf_armor":7,"travelersbackpack:hose_nozzle":1,"moretools:iron_excavator":8,"travelersbackpack:enderman":1,"minecraft:stone":57,"minecraft:cobblestone_stairs":108,"minecraft:lever":2,"minecraft:diamond_shovel":3,"minecraft:bookshelf":16,"minecraft:warped_planks":24,"minecraft:glass":143,"minecraft:hopper":11,"minecraft:repeater":3,"minecraft:diamond_helmet":2,"minecraft:diamond_leggings":2,"minecraft:bow":9,"chunkloaders:single_chunk_loader":18,"minecraft:comparator":2,"minecraft:chest":296,"minecraft:tuff_brick_wall":120,"minecraft:magenta_dye":2,"minecraft:oak_fence":27,"minecraft:golden_boots":3,"minecraft:glass_bottle":147,"minecraft:item_frame":75,"minecraft:oak_slab":156,"travelersbackpack:iron_tier_upgrade":1,"minecraft:arrow":32,"minecraft:diamond_axe":1,"minecraft:crafting_table":7,"minecraft:wooden_pickaxe":1,"travelersbackpack:standard":2,"minecraft:brush":8,"minecraft:birch_pressure_plate":1,"minecraft:copper_ingot":162,"minecraft:fletching_table":4,"minecraft:oak_wood":21,"minecraft:birch_planks":784,"minecraft:campfire":1,"minecraft:cartography_table":4,"minecraft:dispenser":4,"moretools:diamond_hammer":3,"minecraft:lectern":1,"minecraft:book":48,"minecraft:purple_dye":2,"minecraft:paper":153,"minecraft:charcoal":39,"minecraft:diamond_pickaxe":9,"minecraft:yellow_dye":2,"minecraft:shield":6,"minecraft:stick":856,"minecraft:light_blue_dye":2,"minecraft:iron_ingot":401,"minecraft:iron_pickaxe":25,"minecraft:iron_block":6,"minecraft:gold_ingot":8,"minecraft:redstone_torch":14,"minecraft:composter":2,"minecraft:chiseled_tuff_bricks":1,"minecraft:birch_stairs":24,"minecraft:tuff_brick_slab":588,"minecraft:shears":2,"minecraft:polished_andesite":220,"minecraft:oak_door":3,"minecraft:redstone":180,"minecraft:stone_shovel":5,"minecraft:smooth_stone_slab":24,"minecraft:golden_chestplate":1,"minecraft:iron_nugget":54,"minecraft:tuff_bricks":448,"minecraft:furnace":1,"minecraft:stone_button":2,"minecraft:piston":24,"minecraft:bone_meal":3,"travelersbackpack:blank_upgrade":4,"minecraft:polished_tuff":772,"travelersbackpack:gold_tier_upgrade":1,"minecraft:oak_trapdoor":8,"minecraft:flint_and_steel":1,"chunkloaders:basic_chunk_loader":2,"minecraft:lantern":6,"travelersbackpack:white_sleeping_bag":2,"minecraft:polished_diorite":456,"moretools:iron_saw":3,"minecraft:iron_axe":5,"minecraft:ladder":15,"minecraft:iron_hoe":3,"minecraft:stone_pickaxe":3,"minecraft:cobblestone_wall":48,"minecraft:diamond_boots":2,"minecraft:redstone_block":20,"minecraft:dark_oak_planks":12,"travelersbackpack:diamond_tier_upgrade":1,"minecraft:observer":25,"minecraft:wheat":180,"travelersbackpack:hose":1,"minecraft:cooked_beef":10,"minecraft:red_dye":2,"minecraft:crossbow":1,"minecraft:enchanting_table":1,"travelersbackpack:backpack_tank":6,"moretools:diamond_excavator":1,"minecraft:polished_tuff_slab":390,"minecraft:polished_granite":292,"minecraft:bucket":36,"minecraft:stone_axe":3,"minecraft:glowstone":1,"minecraft:orange_dye":2,"minecraft:air":0,"minecraft:blue_dye":2,"travelersbackpack:pumpkin":2,"minecraft:oak_boat":5,"moretools:iron_hammer":9,"minecraft:white_dye":1,"minecraft:birch_trapdoor":2,"minecraft:iron_shovel":16,"minecraft:armor_stand":1,"minecraft:white_bed":1,"minecraft:orange_bed":1,"minecraft:torch":252,"minecraft:diamond_chestplate":2}},"DataVersion":3955}