{"stats":{"minecraft:crafted":{"minecraft:smooth_stone":237,"minecraft:oak_sign":72,"travelersbackpack:crafting_upgrade":2,"minecraft:purple_bed":1,"minecraft:wolf_armor":7,"moretools:iron_excavator":16,"minecraft:birch_slab":162,"travelersbackpack:enderman":1,"minecraft:lever":2,"minecraft:diamond_shovel":7,"minecraft:bookshelf":33,"minecraft:glass":143,"minecraft:diamond_helmet":4,"minecraft:repeater":4,"minecraft:diamond_leggings":3,"betternether:cincinnasite_pickaxe":2,"chunkloaders:single_chunk_loader":18,"betternether:wart_slab":144,"minecraft:magenta_dye":2,"betternether:cincinnasite_diamond_upgrade_smithing_template":18,"minecraft:glass_bottle":147,"minecraft:diamond_axe":2,"travelersbackpack:standard":3,"minecraft:copper_ingot":162,"minecraft:fletching_table":4,"minecraft:oak_wood":21,"minecraft:campfire":1,"betternether:wart_planks":72,"minecraft:cartography_table":4,"minecraft:lectern":1,"moretools:diamond_hammer":7,"minecraft:iron_pickaxe":58,"minecraft:iron_block":63,"minecraft:gold_ingot":8,"minecraft:netherite_ingot":2,"minecraft:composter":2,"minecraft:birch_stairs":24,"betternether:anchor_tree_planks":272,"minecraft:stone_shovel":5,"minecraft:smooth_stone_slab":24,"minecraft:iron_nugget":54,"minecraft:diamond_hoe":1,"minecraft:bone_meal":543,"travelersbackpack:blank_upgrade":8,"minecraft:polished_tuff":772,"travelersbackpack:gold_tier_upgrade":2,"chunkloaders:basic_chunk_loader":2,"minecraft:lantern":6,"travelersbackpack:white_sleeping_bag":3,"minecraft:polished_diorite":456,"moretools:iron_saw":3,"minecraft:ladder":15,"minecraft:stone_pickaxe":3,"minecraft:diamond_boots":3,"minecraft:redstone_block":63,"minecraft:dark_oak_planks":12,"minecraft:wheat":432,"betternether:cincinnasite_forged":2,"minecraft:crossbow":1,"betternether:crimson_crafting_table":1,"minecraft:enchanting_table":1,"minecraft:crimson_slab":318,"minecraft:polished_tuff_slab":390,"minecraft:polished_granite":292,"minecraft:glowstone":1,"minecraft:orange_dye":2,"travelersbackpack:pumpkin":2,"minecraft:birch_trapdoor":2,"minecraft:iron_shovel":34,"minecraft:armor_stand":1,"minecraft:white_bed":1,"farmersdelight:diamond_knife":1,"betternether:nether_reed_crafting_table":1,"minecraft:oak_planks":4040,"minecraft:cobblestone_slab":162,"minecraft:barrel":6,"travelersbackpack:hose_nozzle":2,"minecraft:cobblestone_stairs":108,"minecraft:stone":57,"betternether:cincinnasite_axe_diamond":1,"minecraft:warped_planks":24,"minecraft:hopper":15,"minecraft:bow":10,"betternether:cincinnasite_ingot":4,"minecraft:comparator":2,"minecraft:chest":298,"minecraft:tuff_brick_wall":120,"minecraft:stone_hoe":1,"minecraft:oak_fence":27,"minecraft:golden_boots":3,"minecraft:oak_slab":156,"minecraft:item_frame":75,"travelersbackpack:iron_tier_upgrade":2,"minecraft:arrow":32,"minecraft:crafting_table":10,"minecraft:wooden_pickaxe":1,"minecraft:brush":8,"betternether:flaming_ruby_upgrade_smithing_template":18,"minecraft:birch_pressure_plate":1,"minecraft:birch_planks":896,"minecraft:dispenser":4,"farmersdelight:cutting_board":1,"minecraft:book":51,"minecraft:paper":162,"minecraft:diamond_pickaxe":22,"minecraft:charcoal":39,"minecraft:yellow_dye":2,"minecraft:purple_dye":2,"minecraft:shield":7,"minecraft:stick":1408,"minecraft:light_blue_dye":2,"minecraft:iron_ingot":587,"minecraft:redstone_torch":18,"minecraft:chiseled_tuff_bricks":1,"minecraft:tuff_brick_slab":588,"minecraft:shears":2,"minecraft:polished_andesite":220,"betternether:cincinnasite_axe":1,"minecraft:oak_door":3,"minecraft:nether_brick_slab":204,"minecraft:redstone":567,"betterend:diamond_hammer":1,"minecraft:golden_chestplate":1,"minecraft:tuff_bricks":448,"minecraft:stone_button":2,"minecraft:furnace":1,"minecraft:piston":24,"betternether:anchor_tree_slab":408,"minecraft:oak_trapdoor":12,"minecraft:flint_and_steel":1,"minecraft:iron_axe":5,"minecraft:iron_hoe":3,"minecraft:cobblestone_wall":48,"travelersbackpack:diamond_tier_upgrade":2,"minecraft:observer":25,"travelersbackpack:hose":2,"minecraft:cooked_beef":10,"minecraft:red_dye":2,"minecraft:crimson_planks":164,"minecraft:diamond_sword":2,"travelersbackpack:backpack_tank":10,"moretools:diamond_excavator":2,"minecraft:bucket":36,"minecraft:stone_axe":3,"minecraft:air":0,"minecraft:blue_dye":2,"travelersbackpack:squid":2,"minecraft:oak_boat":5,"minecraft:white_wool":3,"moretools:iron_hammer":20,"minecraft:white_dye":1,"minecraft:anvil":1,"minecraft:torch":868,"minecraft:orange_bed":1,"betternether:cincinnasite_pickaxe_diamond":2,"minecraft:diamond_chestplate":4},"minecraft:killed_by":{"minecraft:wither_skeleton":3,"minecraft:cave_spider":1,"minecraft:skeleton":5},"minecraft:picked_up":{"minecraft:wooden_axe":2,"minecraft:iron_chestplate":7,"minecraft:chainmail_boots":1,"minecraft:flower_pot":16,"minecraft:lead":48,"minecraft:smithing_table":2,"minecraft:stone_slab":6,"minecraft:enchanted_book":8,"betternether:agave":2,"betternether:nether_reed_stem":58,"minecraft:golden_sword":2,"betternether:nether_brick_tile_large":71,"minecraft:music_disc_cat":1,"minecraft:string":272,"minecraft:soul_soil":274,"minecraft:beetroot":374,"minecraft:diamond_leggings":7,"minecraft:gold_nugget":9,"minecraft:cobbled_deepslate":33989,"minecraft:trial_key":40,"minecraft:netherite_upgrade_smithing_template":2,"minecraft:melon_slice":84,"betternether:quartz_glass_framed_pane":2,"minecraft:golden_helmet":1,"betternether:cincinnasite_diamond_upgrade_smithing_template":2,"minecraft:composter":5,"betternether:anchor_tree_slab":5,"betternether:cincinnasite_pickaxe_diamond":1,"minecraft:waxed_copper_grate":12,"betternether:bone_mushroom":5,"minecraft:warped_planks":2,"betternether:cincinnasite":12,"minecraft:golden_chestplate":3,"minecraft:honey_bottle":21,"minecraft:blue_glazed_terracotta":1,"moretools:iron_hammer":2,"minecraft:armadillo_scute":32,"minecraft:iron_block":148,"minecraft:carved_pumpkin":1,"minecraft:glowstone":3,"minecraft:tuff_brick_wall":6,"moretools:diamond_hammer":7,"minecraft:blaze_rod":12,"minecraft:snowball":13,"minecraft:birch_log":272,"minecraft:magma_block":3,"minecraft:feather":69,"minecraft:cooked_beef":54,"farmersdelight:rice":9,"betternether:jungle_moss":72,"minecraft:birch_slab":68,"minecraft:water_bucket":13,"minecraft:jungle_log":104,"minecraft:smoker":4,"minecraft:flint":113,"moretools:iron_excavator":6,"betternether:bowl_upgrade_smithing_template":2,"minecraft:map":3,"betternether:lucis_spore":19,"minecraft:stonecutter":2,"minecraft:diamond_helmet":4,"minecraft:glowstone_dust":12,"minecraft:honeycomb":25,"betternether:weeping_obsidian":10,"minecraft:warped_wart_block":5,"betternether:wall_moss":3,"minecraft:ink_sac":68,"minecraft:barrel":15,"minecraft:iron_hoe":5,"minecraft:polished_andesite":22,"minecraft:dispenser":4,"betternether:cincinnasite_lantern":5,"minecraft:lever":20,"minecraft:granite":320,"minecraft:golden_horse_armor":1,"minecraft:bread":74,"minecraft:music_disc_precipice":2,"minecraft:crimson_roots":2,"minecraft:diamond_pickaxe":2,"minecraft:crafting_table":10,"betternether:cincinnasite_hoe":1,"minecraft:tuff_brick_slab":48,"minecraft:ominous_bottle":16,"betternether:nether_reed_roof_stairs":3,"minecraft:nether_wart":33,"minecraft:clay_ball":8,"betternether:flaming_ruby_sword":2,"minecraft:wind_charge":21,"minecraft:cornflower":1,"minecraft:flint_and_steel":5,"minecraft:netherite_scrap":8,"betternether:nether_ruby_hoe":1,"minecraft:white_carpet":1,"minecraft:iron_shovel":1,"travelersbackpack:pig":1,"minecraft:glass_pane":59,"minecraft:cracked_stone_bricks":2,"minecraft:cartography_table":1,"minecraft:beef":48,"minecraft:iron_nugget":14,"minecraft:poppy":152,"betternether:netherrack_stalactite":11,"minecraft:guster_pottery_sherd":3,"minecraft:chest":213,"minecraft:birch_sapling":77,"minecraft:waxed_oxidized_copper":1,"minecraft:egg":38,"minecraft:sandstone":13,"minecraft:oak_door":2,"farmersdelight:minced_beef":60,"betternether:soul_sandstone":47,"minecraft:fire_charge":6,"minecraft:white_dye":7,"minecraft:flow_pottery_sherd":9,"betternether:nether_reed_planks":15,"betternether:nether_ruby":20,"minecraft:carrot":2218,"minecraft:redstone":2093,"minecraft:tnt":9,"betternether:anchor_tree_log":390,"betternether:cincinnasite_stairs":7,"minecraft:diamond_chestplate":5,"minecraft:decorated_pot":1,"minecraft:beetroot_seeds":796,"minecraft:shears":2,"minecraft:diamond_boots":7,"farmersdelight:hamburger":2,"minecraft:gold_ingot":29,"minecraft:tuff_bricks":104,"minecraft:mutton":6,"minecraft:white_wool":7,"minecraft:bone_block":143,"betternether:basalt_stalactite":4,"minecraft:clock":11,"minecraft:red_glazed_terracotta":2,"betternether:willow_chest":1,"minecraft:red_mushroom":2,"minecraft:crafter":14,"betternether:wart_log":18,"chunkloaders:single_chunk_loader":9,"betternether:cincinnasite_pot":2,"minecraft:oak_log":1345,"minecraft:golden_boots":8,"minecraft:paper":1,"minecraft:white_banner":10,"moretools:iron_saw":5,"betternether:nether_mushroom_trapdoor":2,"minecraft:apple":43,"minecraft:kelp":101,"minecraft:stone_pickaxe":1,"minecraft:glass_bottle":3107,"minecraft:iron_sword":2,"travelersbackpack:blank_upgrade":1,"betternether:anchor_tree_bark":13,"betternether:black_bush":1,"betternether:bone_tile":38,"minecraft:gravel":1183,"minecraft:birch_stairs":13,"minecraft:spruce_sapling":1,"minecraft:spruce_log":3,"minecraft:crying_obsidian":9,"betternether:cincinnasite_forged":105,"minecraft:polished_tuff":11,"betternether:cincinnasite_ingot":17,"minecraft:oak_wood":2,"minecraft:diamond_shovel":5,"minecraft:purple_bed":1,"minecraft:slime_ball":80,"minecraft:polished_diorite":24,"minecraft:stone_axe":4,"minecraft:diamond_axe":7,"chunkloaders:basic_chunk_loader":2,"minecraft:warped_roots":5,"minecraft:baked_potato":16,"minecraft:melon_seeds":3,"minecraft:warped_nylium":3,"minecraft:crimson_nylium":3,"minecraft:hopper":57,"minecraft:ender_pearl":9,"minecraft:wheat":868,"minecraft:nether_brick_fence":3,"minecraft:sentry_armor_trim_smithing_template":1,"betternether:pig_statue_respawner":2,"minecraft:potion":10,"betternether:bone_block":1,"minecraft:lapis_block":8,"betternether:blue_obsidian":14,"minecraft:raw_copper":604,"minecraft:smooth_stone_slab":3,"minecraft:iron_leggings":6,"minecraft:armor_stand":1,"minecraft:red_candle":6,"minecraft:experience_bottle":969,"betternether:netherrack_furnace":6,"minecraft:oak_sign":29,"minecraft:smooth_stone":28,"minecraft:comparator":10,"minecraft:bucket":9,"minecraft:redstone_torch":13,"minecraft:cobblestone_slab":103,"minecraft:iron_pickaxe":8,"farmersdelight:cabbage_seeds":38,"minecraft:iron_boots":2,"minecraft:furnace":9,"minecraft:tipped_arrow":31,"minecraft:stick":310,"minecraft:birch_trapdoor":3,"minecraft:oak_fence":97,"minecraft:torch":1844,"minecraft:porkchop":12,"minecraft:diorite":920,"betternether:lapis_pile":37,"minecraft:nether_gold_ore":1,"minecraft:cactus":5,"minecraft:rotten_flesh":315,"betternether:feather_fern":9,"minecraft:obsidian":46,"betternether:cincinnasite_bars":9,"minecraft:cobblestone":12803,"minecraft:nautilus_shell":1,"minecraft:crimson_hyphae":21,"minecraft:enchanting_table":2,"betternether:glowstone_pile":14,"betternether:quartz_glass_framed_pane_blue":16,"minecraft:lilac":18,"minecraft:repeater":23,"minecraft:andesite":314,"minecraft:golden_leggings":2,"minecraft:potato":33,"minecraft:tuff":4250,"betternether:wart_seed":1,"minecraft:wither_skeleton_skull":4,"minecraft:lapis_lazuli":513,"minecraft:dirt":15421,"minecraft:name_tag":2,"minecraft:polished_granite":30,"minecraft:glass":520,"minecraft:bone":305,"minecraft:bow":27,"minecraft:wheat_seeds":2124,"minecraft:raw_gold":124,"minecraft:grindstone":1,"minecraft:bolt_armor_trim_smithing_template":2,"minecraft:scrape_pottery_sherd":4,"minecraft:oak_planks":250,"minecraft:ghast_tear":6,"minecraft:cooked_porkchop":8,"travelersbackpack:squid":1,"minecraft:waxed_oxidized_copper_bulb":1,"minecraft:sand":600,"minecraft:waxed_chiseled_copper":3,"minecraft:nether_brick_stairs":2,"minecraft:grass_block":6,"minecraft:chiseled_sandstone":1,"minecraft:mossy_cobblestone":53,"betternether:bone_stairs":12,"minecraft:diamond":360,"betternether:cincinnasite_pillar":12,"minecraft:crossbow":5,"minecraft:breeze_rod":50,"minecraft:bone_meal":216,"minecraft:golden_apple":3,"betternether:nether_ruby_sword":1,"minecraft:emerald":121,"minecraft:oak_sapling":451,"minecraft:netherrack":860,"minecraft:lingering_potion":9,"minecraft:cocoa_beans":164,"minecraft:charcoal":61,"minecraft:waxed_oxidized_cut_copper":11,"minecraft:splash_potion":9,"minecraft:chicken":23,"minecraft:ladder":83,"betternether:blue_crying_obsidian":5,"minecraft:diamond_horse_armor":1,"betternether:blue_weeping_obsidian":3,"minecraft:brick":268,"minecraft:shield":17,"farmersdelight:diamond_knife":1,"minecraft:oak_trapdoor":6,"minecraft:iron_axe":16,"minecraft:large_fern":3,"minecraft:item_frame":55,"betternether:jungle_grass":14,"minecraft:oak_boat":35,"minecraft:observer":6,"minecraft:lectern":1,"minecraft:sugar_cane":90,"betternether:willow_door":2,"minecraft:raw_iron":117,"betternether:nether_brick_wall":2,"minecraft:bamboo_hanging_sign":3,"betternether:wall_mushroom_red":10,"minecraft:copper_ingot":34,"minecraft:stone_button":3,"travelersbackpack:hose":7,"minecraft:iron_horse_armor":1,"minecraft:stone_pressure_plate":1,"moretools:diamond_excavator":1,"minecraft:arrow":773,"minecraft:nether_bricks":221,"minecraft:saddle":2,"betternether:chest_of_drawers":9,"minecraft:golden_carrot":11,"minecraft:crimson_stem":20,"minecraft:cut_sandstone":10,"betterend:diamond_hammer":3,"minecraft:leather":35,"betternether:wall_mushroom_brown":15,"minecraft:birch_planks":126,"betternether:cincinnasite_slab":4,"minecraft:waxed_copper_block":37,"minecraft:yellow_bed":4,"minecraft:nether_wart_block":5,"minecraft:gunpowder":74,"minecraft:cobblestone_stairs":22,"betternether:cincinnasite_pedestal":4,"minecraft:cooked_mutton":3,"minecraft:rabbit_hide":1,"minecraft:iron_ingot":58,"minecraft:polished_tuff_slab":13,"minecraft:cooked_chicken":384,"minecraft:soul_sand":105,"minecraft:green_dye":2,"minecraft:book":310,"minecraft:oak_slab":38,"betternether:flaming_ruby_upgrade_smithing_template":1,"minecraft:nether_quartz_ore":16,"minecraft:bamboo_planks":13,"minecraft:pumpkin":18,"minecraft:quartz":85,"minecraft:dandelion":5,"minecraft:lava_bucket":9,"minecraft:blast_furnace":1,"minecraft:white_bed":6,"minecraft:spider_eye":88,"travelersbackpack:fox":1,"minecraft:pumpkin_seeds":31,"enchanting_reimagined:enchanting_workstation":1,"betternether:mushroom_fir_chest":2,"minecraft:iron_helmet":8,"betternether:nether_mushroom_chest":1,"travelersbackpack:pumpkin":1,"minecraft:chiseled_tuff_bricks":18,"minecraft:coal":443,"betternether:nether_reed_roof":3},"minecraft:used":{"minecraft:orange_dye":1,"minecraft:tuff_bricks":34,"minecraft:dispenser":7,"betternether:chest_of_drawers":1,"minecraft:ladder":50,"minecraft:poppy":25,"minecraft:chest":438,"minecraft:stone":31,"minecraft:soul_sand":3,"betterend:diamond_hammer":63,"minecraft:cocoa_beans":88,"minecraft:crafter":14,"betternether:wart_slab":144,"minecraft:lava_bucket":4,"minecraft:villager_spawn_egg":2,"minecraft:grass_block":297,"minecraft:bow":225,"minecraft:furnace":5,"moretools:diamond_hammer":28637,"minecraft:egg":33,"minecraft:potato":9,"farmersdelight:hamburger":2,"minecraft:cow_spawn_egg":26,"minecraft:wooden_pickaxe":13,"minecraft:composter":6,"chunkloaders:single_chunk_loader":27,"minecraft:sand":28,"minecraft:blast_furnace":2,"betternether:nether_reed_stem":15,"minecraft:birch_slab":132,"minecraft:stone_button":6,"minecraft:polished_granite":81,"minecraft:chiseled_tuff_bricks":11,"minecraft:diamond_sword":513,"minecraft:birch_log":4,"minecraft:oak_boat":21,"minecraft:oak_trapdoor":11,"betternether:nether_reed_crafting_table":1,"minecraft:enchanting_table":3,"minecraft:armor_stand":2,"minecraft:trial_key":10,"minecraft:netherrack":242,"minecraft:orange_bed":1,"minecraft:torch":2304,"minecraft:anvil":1,"betternether:cincinnasite_pillar":12,"minecraft:nether_brick_slab":204,"minecraft:polished_diorite":305,"minecraft:iron_axe":531,"minecraft:jungle_log":18,"minecraft:chicken_spawn_egg":47,"minecraft:barrel":12,"minecraft:diamond_chestplate":2,"minecraft:glowstone":1,"travelersbackpack:hose":35,"betternether:anchor_tree_slab":387,"minecraft:cobbled_deepslate":2178,"minecraft:observer":27,"minecraft:golden_axe":66,"minecraft:wheat_seeds":540,"minecraft:water_bucket":139,"minecraft:birch_planks":254,"minecraft:lead":1,"minecraft:cartography_table":1,"minecraft:cracked_stone_bricks":2,"minecraft:comparator":12,"minecraft:crafting_table":11,"minecraft:oak_slab":101,"minecraft:white_bed":6,"minecraft:campfire":1,"minecraft:oak_log":59,"minecraft:yellow_dye":1,"betternether:mushroom_fir_chest":2,"minecraft:diamond_pickaxe":1558,"minecraft:diamond_shovel":831,"betternether:nether_reed_roof_stairs":1,"minecraft:iron_pickaxe":762,"minecraft:cobblestone":130,"minecraft:purple_bed":1,"minecraft:cooked_porkchop":18,"minecraft:repeating_command_block":1,"minecraft:brush":2,"minecraft:kelp":27,"betternether:jungle_grass":14,"minecraft:diamond_leggings":1,"minecraft:iron_shovel":192,"minecraft:oak_sign":73,"minecraft:diamond_hoe":2,"minecraft:shield":303,"minecraft:iron_sword":29,"minecraft:iron_chestplate":3,"minecraft:birch_pressure_plate":1,"travelersbackpack:pig":1,"minecraft:nether_bricks":19,"minecraft:carrot":473,"minecraft:tuff":12,"betternether:flaming_ruby_sword":302,"minecraft:obsidian":4,"minecraft:glass":282,"minecraft:lantern":6,"minecraft:tuff_brick_wall":52,"minecraft:iron_helmet":1,"minecraft:item_frame":95,"minecraft:birch_trapdoor":3,"minecraft:repeater":28,"farmersdelight:cutting_board":1,"minecraft:beetroot_seeds":128,"minecraft:golden_boots":2,"betternether:cincinnasite_stairs":3,"minecraft:diamond_boots":2,"minecraft:stone_pickaxe":135,"minecraft:oak_planks":596,"minecraft:ender_pearl":2,"minecraft:diamond_axe":1151,"minecraft:sugar_cane":66,"moretools:diamond_excavator":5573,"minecraft:sponge":11,"minecraft:shears":1,"betternether:pig_statue_respawner":1,"minecraft:polished_tuff":6,"minecraft:redstone_torch":11,"minecraft:lever":20,"minecraft:bread":110,"betternether:soul_sandstone":2,"travelersbackpack:pumpkin":7,"minecraft:gravel":269,"minecraft:andesite":12,"minecraft:smooth_stone_slab":12,"minecraft:experience_bottle":981,"minecraft:oak_fence":41,"minecraft:netherite_sword":69,"minecraft:flint_and_steel":9,"moretools:iron_excavator":8779,"minecraft:stone_shovel":665,"minecraft:redstone":151,"minecraft:stone_hoe":1,"minecraft:cooked_chicken":371,"minecraft:oak_door":1,"minecraft:dirt":6105,"minecraft:hopper":81,"minecraft:cobblestone_wall":48,"minecraft:diamond_helmet":2,"minecraft:oak_wood":22,"minecraft:iron_hoe":266,"minecraft:bookshelf":32,"minecraft:crimson_slab":185,"moretools:iron_saw":1941,"minecraft:golden_carrot":10,"minecraft:soul_soil":196,"minecraft:cooked_beef":86,"travelersbackpack:fox":1,"minecraft:pumpkin":1,"minecraft:iron_leggings":1,"minecraft:cobblestone_stairs":104,"chunkloaders:basic_chunk_loader":1,"betternether:cincinnasite_axe_diamond":50,"minecraft:polished_andesite":73,"minecraft:baked_potato":7,"moretools:iron_hammer":24797,"minecraft:cobblestone_slab":77,"minecraft:smoker":2,"minecraft:polished_tuff_slab":9,"minecraft:piston":24,"minecraft:apple":1,"minecraft:command_block":1,"minecraft:map":1,"minecraft:purple_dye":1,"betternether:crimson_crafting_table":1,"minecraft:tuff_brick_slab":549,"minecraft:stone_axe":133,"minecraft:white_banner":3,"minecraft:bucket":182,"minecraft:yellow_bed":3,"minecraft:smooth_stone":400,"minecraft:birch_stairs":23},"minecraft:mined":{"betternether:nether_mushroom_chest":1,"betternether:cincinnasite_pedestal":5,"minecraft:white_bed":6,"betternether:bone_block":1,"minecraft:obsidian":24,"minecraft:carved_pumpkin":1,"minecraft:granite":222,"minecraft:jungle_log":117,"betternether:nether_mycelium":7,"betternether:nether_reed_roof_stairs":3,"betternether:jungle_moss":4,"minecraft:chiseled_tuff_bricks":16,"minecraft:hopper":53,"minecraft:oak_wall_sign":20,"minecraft:nether_wart":8,"minecraft:spawner":2,"minecraft:tall_seagrass":5,"minecraft:magma_block":1,"betternether:jungle_grass":18,"minecraft:fire":23,"minecraft:barrel":11,"minecraft:cobbled_deepslate":641,"minecraft:waxed_oxidized_copper_bulb":1,"minecraft:pumpkin":4,"minecraft:deepslate_lapis_ore":23,"minecraft:nether_brick_stairs":2,"minecraft:enchanting_table":2,"chunkloaders:single_chunk_loader":1,"minecraft:dirt_path":86,"betternether:ceiling_mushrooms":1,"betternether:anchor_tree_log":650,"minecraft:kelp_plant":7,"minecraft:smoker":4,"minecraft:crimson_nylium":8,"minecraft:soul_fire":3,"betternether:cincinnasite_pot":2,"minecraft:torch":192,"minecraft:blast_furnace":1,"minecraft:melon":16,"minecraft:nether_brick_slab":1,"minecraft:glass":36,"minecraft:sugar_cane":48,"minecraft:repeater":19,"minecraft:wheat":539,"minecraft:lilac":1,"minecraft:waxed_copper_block":26,"betternether:basalt_stalactite":3,"minecraft:stonecutter":1,"minecraft:deepslate":34574,"minecraft:mossy_cobblestone":52,"minecraft:crafter":16,"minecraft:nether_bricks":242,"minecraft:dark_oak_fence":2,"minecraft:redstone_wire":78,"betternether:cincinnasite_bars":9,"minecraft:red_mushroom":1,"minecraft:cartography_table":1,"betternether:mushroom_fir_chest":2,"minecraft:redstone_ore":1,"minecraft:waxed_oxidized_cut_copper":6,"minecraft:waxed_copper_grate":6,"minecraft:andesite":291,"betternether:wall_mushroom_brown":1,"betternether:pig_statue_respawner":2,"minecraft:potatoes":2,"minecraft:cobblestone_slab":7,"minecraft:vine":1,"betternether:nether_brick_tile_large":76,"minecraft:bone_block":119,"minecraft:smithing_table":1,"minecraft:oak_slab":8,"minecraft:birch_stairs":6,"betternether:netherrack_moss":2,"minecraft:comparator":9,"minecraft:soul_sand":104,"betternether:cincinnasite_stairs":7,"minecraft:observer":3,"minecraft:dandelion":4,"minecraft:cornflower":1,"minecraft:short_grass":269,"minecraft:emerald_ore":1,"minecraft:warped_roots":1,"minecraft:campfire":2,"betternether:bone_stairs":12,"minecraft:copper_ore":122,"minecraft:deepslate_gold_ore":88,"betternether:anchor_tree_bark":12,"minecraft:diorite":669,"betternether:wart_log":18,"minecraft:birch_leaves":17,"betternether:bone_tile":38,"minecraft:gravel":936,"minecraft:cobweb":38,"minecraft:gold_ore":3,"minecraft:fern":1,"betternether:netherrack_furnace":6,"minecraft:farmland":4,"betternether:nether_reed_stem":51,"minecraft:cobblestone_stairs":13,"travelersbackpack:pumpkin":1,"minecraft:grass_block":6518,"minecraft:tuff_brick_slab":19,"betternether:nether_brick_wall":3,"minecraft:soul_soil":288,"minecraft:polished_diorite":22,"minecraft:composter":4,"minecraft:tuff_bricks":104,"betternether:cincinnasite_ore":6,"minecraft:smooth_stone":30,"minecraft:glowstone":5,"minecraft:iron_ore":33,"minecraft:polished_tuff":6,"betternether:nether_reed_roof":3,"minecraft:polished_tuff_slab":4,"minecraft:deepslate_redstone_ore":324,"minecraft:poppy":6,"minecraft:chest":203,"betternether:cincinnasite_forged":109,"minecraft:cobblestone":266,"minecraft:nether_quartz_ore":51,"minecraft:grindstone":1,"minecraft:oak_planks":88,"minecraft:waxed_chiseled_copper":3,"minecraft:wall_torch":930,"betternether:soul_sandstone":93,"minecraft:seagrass":2,"minecraft:warped_nylium":1,"minecraft:red_candle":1,"minecraft:nether_wart_block":2,"minecraft:birch_log":264,"minecraft:birch_trapdoor":3,"betternether:neon_equisetum":1,"betternether:nether_mushroom_trapdoor":2,"betternether:anchor_tree_slab":6,"minecraft:oak_log":1155,"minecraft:beetroots":127,"minecraft:waxed_oxidized_copper":1,"minecraft:sand":583,"minecraft:dirt":7363,"betternether:cincinnasite_slab":4,"minecraft:dispenser":2,"minecraft:netherrack":702,"minecraft:oak_leaves":278,"minecraft:nether_gold_ore":1,"betternether:quartz_glass_framed_pane_blue":8,"minecraft:tuff":3883,"minecraft:deepslate_diamond_ore":230,"enchanting_reimagined:enchanting_workstation":1,"minecraft:glow_lichen":1,"minecraft:lever":13,"minecraft:decorated_pot":47,"minecraft:birch_slab":24,"minecraft:spruce_leaves":2,"minecraft:sandstone":13,"minecraft:crimson_stem":24,"minecraft:oak_trapdoor":1,"minecraft:furnace":9,"minecraft:carrots":345,"minecraft:nether_brick_fence":3,"betternether:wall_moss":1,"minecraft:bookshelf":83,"minecraft:deepslate_iron_ore":44,"betternether:nether_lapis_ore":8,"minecraft:blue_glazed_terracotta":2,"minecraft:stone":11029,"betternether:nether_reed_planks":15,"minecraft:redstone_wall_torch":7,"betternether:cincinnasite_lantern":1,"betternether:willow_chest":1,"minecraft:polished_granite":30,"minecraft:tuff_brick_wall":6,"minecraft:oak_fence":82,"minecraft:crafting_table":8,"minecraft:oak_wood":2,"betternether:mushroom_grass":14,"minecraft:deepslate_coal_ore":1,"minecraft:red_glazed_terracotta":1,"minecraft:lapis_ore":13,"minecraft:birch_planks":120,"minecraft:cactus":1,"minecraft:redstone_torch":4,"chunkloaders:basic_chunk_loader":2,"minecraft:white_wall_banner":1,"minecraft:bee_nest":2,"minecraft:yellow_bed":4,"minecraft:coal_ore":348,"minecraft:cocoa":11,"minecraft:flower_pot":8,"betternether:chest_of_drawers":9,"minecraft:cracked_stone_bricks":2,"minecraft:polished_andesite":22,"minecraft:crimson_hyphae":24,"betternether:cincinnasite_pillar":12},"minecraft:custom":{"minecraft:interact_with_crafting_table":275,"minecraft:open_barrel":168,"minecraft:leave_game":84,"minecraft:time_since_death":77186,"minecraft:damage_blocked_by_shield":15006,"minecraft:play_time":3307710,"minecraft:deaths":20,"minecraft:jump":50535,"minecraft:enchant_item":12,"minecraft:interact_with_furnace":111,"minecraft:interact_with_cartography_table":3,"minecraft:sleep_in_bed":215,"minecraft:damage_dealt":90922,"minecraft:interact_with_smoker":9,"minecraft:inspect_dispenser":62,"minecraft:interact_with_smithing_table":15,"minecraft:interact_with_anvil":19,"minecraft:inspect_hopper":123,"enchanting_reimagined:interact_with_enchanting_workstation":6,"minecraft:sneak_time":120079,"minecraft:interact_with_blast_furnace":15,"minecraft:total_world_time":3307710,"minecraft:time_since_rest":26804,"minecraft:swim_one_cm":203254,"minecraft:fly_one_cm":13483569,"minecraft:open_chest":3080,"minecraft:fall_one_cm":1200484,"minecraft:animals_bred":157,"minecraft:sprint_one_cm":6156280,"minecraft:drop":225,"minecraft:talked_to_villager":18,"minecraft:walk_on_water_one_cm":259474,"enchanting_reimagined:craft_in_enchanting_workstation":1,"minecraft:crouch_one_cm":414009,"minecraft:mob_kills":1042,"minecraft:climb_one_cm":116918,"minecraft:walk_one_cm":9589792,"minecraft:strider_one_cm":19,"minecraft:walk_under_water_one_cm":145313,"minecraft:boat_one_cm":69043,"minecraft:damage_taken":26570},"minecraft:broken":{"minecraft:diamond_helmet":1,"moretools:diamond_hammer":3,"minecraft:iron_hoe":2,"minecraft:shield":4,"minecraft:brush":8,"minecraft:iron_axe":2,"minecraft:iron_pickaxe":2,"moretools:iron_excavator":2,"minecraft:iron_shovel":1,"minecraft:stone_pickaxe":1,"moretools:iron_hammer":4,"minecraft:stone_axe":1,"minecraft:stone_shovel":5,"moretools:iron_saw":1,"minecraft:golden_axe":1},"minecraft:killed":{"minecraft:cave_spider":68,"betternether:skull":1,"betternether:firefly":2,"minecraft:skeleton":141,"minecraft:chicken":26,"minecraft:magma_cube":1,"minecraft:iron_golem":2,"minecraft:pillager":40,"minecraft:zombie":383,"minecraft:cow":45,"minecraft:wandering_trader":7,"minecraft:breeze":20,"minecraft:enderman":5,"minecraft:zombified_piglin":1,"minecraft:spider":88,"betternether:hydrogen_jellyfish":2,"minecraft:piglin":13,"minecraft:pig":7,"minecraft:creeper":6,"minecraft:sheep":3,"minecraft:trader_llama":14,"minecraft:ghast":9,"minecraft:blaze":30,"minecraft:slime":81,"minecraft:drowned":3,"betternether:naga":8,"minecraft:squid":2,"minecraft:wither_skeleton":23,"minecraft:villager":2},"minecraft:dropped":{"minecraft:cooked_beef":6,"minecraft:glass_bottle":44,"minecraft:warped_roots":1,"betternether:nether_reed_stem":8,"minecraft:dirt":1710,"minecraft:bone_meal":5,"minecraft:bone_block":6,"minecraft:sand":15,"betternether:cincinnasite_pickaxe_diamond":1,"minecraft:iron_pickaxe":3,"minecraft:stone_axe":3,"minecraft:cooked_chicken":32,"minecraft:cobbled_deepslate":1721,"minecraft:birch_sapling":7,"minecraft:oak_planks":28,"minecraft:waxed_copper_block":8,"minecraft:charcoal":5,"minecraft:hopper":1,"minecraft:breeze_rod":2,"minecraft:warped_wart_block":2,"minecraft:golden_boots":2,"minecraft:iron_ingot":171,"travelersbackpack:squid":1,"minecraft:cobblestone":1722,"minecraft:book":48,"betternether:bone_block":1,"minecraft:potion":1,"chunkloaders:single_chunk_loader":1,"enchanting_reimagined:enchanting_workstation":1,"minecraft:cocoa_beans":1,"minecraft:diamond_hoe":1,"minecraft:chicken":2,"minecraft:pumpkin_seeds":4,"minecraft:diamond_sword":1,"moretools:diamond_hammer":2,"minecraft:barrel":1,"minecraft:bow":5,"farmersdelight:diamond_knife":1,"minecraft:diamond_axe":4,"minecraft:oak_log":160,"minecraft:baked_potato":1,"minecraft:leather":3,"minecraft:flint":6,"minecraft:crimson_roots":2,"moretools:iron_saw":2,"minecraft:gravel":33,"chunkloaders:basic_chunk_loader":1,"minecraft:diamond_shovel":1,"minecraft:cooked_mutton":3,"minecraft:honey_bottle":1,"minecraft:carrot":256,"minecraft:lingering_potion":2,"minecraft:arrow":118,"moretools:iron_hammer":2,"betternether:bone_stairs":5,"minecraft:grass_block":1,"minecraft:stick":1,"minecraft:iron_block":142,"minecraft:torch":11,"minecraft:nether_wart_block":3,"travelersbackpack:enderman":1,"minecraft:fire_charge":20,"minecraft:iron_axe":2,"minecraft:cactus":1,"minecraft:bucket":1,"minecraft:redstone":6,"minecraft:warped_nylium":1,"minecraft:raw_iron":7,"minecraft:iron_hoe":3,"moretools:iron_excavator":2,"minecraft:shield":2,"minecraft:trial_key":1,"minecraft:iron_chestplate":1,"minecraft:oak_sapling":36,"minecraft:oak_boat":1,"minecraft:stone_pickaxe":1,"travelersbackpack:hose":3}},"DataVersion":3955}