{"stats":{"minecraft:broken":{"minecraft:iron_axe":1},"minecraft:dropped":{"minecraft:bread":4,"minecraft:oak_slab":5,"minecraft:birch_sapling":2,"minecraft:carrot":1,"minecraft:potato":2},"minecraft:custom":{"minecraft:mob_kills":3,"minecraft:interact_with_crafting_table":9,"minecraft:open_barrel":3,"minecraft:leave_game":2,"minecraft:time_since_death":94617,"minecraft:sleep_in_bed":7,"minecraft:climb_one_cm":1236,"minecraft:time_since_rest":21233,"minecraft:sprint_one_cm":334725,"minecraft:walk_one_cm":245579,"minecraft:damage_taken":391,"minecraft:drop":10,"minecraft:damage_dealt":291,"minecraft:swim_one_cm":32671,"minecraft:fly_one_cm":345797,"minecraft:open_chest":59,"minecraft:crouch_one_cm":1574,"minecraft:play_time":94617,"minecraft:sneak_time":773,"minecraft:walk_under_water_one_cm":17183,"minecraft:jump":1358,"minecraft:walk_on_water_one_cm":46705,"minecraft:total_world_time":94617,"minecraft:fall_one_cm":23133,"minecraft:inspect_dispenser":2},"minecraft:picked_up":{"minecraft:birch_log":67,"minecraft:wheat":177,"minecraft:clay_ball":24,"minecraft:salmon":1,"minecraft:brown_mushroom":1,"minecraft:potato":2,"minecraft:flint":1,"minecraft:oak_log":347,"minecraft:dirt":130,"moretools:iron_saw":1,"minecraft:apple":5,"minecraft:beetroot":125,"minecraft:wheat_seeds":301,"minecraft:poppy":2,"minecraft:birch_sapling":2,"minecraft:oak_slab":2,"minecraft:stick":37,"minecraft:gravel":3,"minecraft:sand":472,"minecraft:ink_sac":7,"minecraft:carrot":444,"minecraft:diamond_shovel":1,"minecraft:rotten_flesh":2,"minecraft:beetroot_seeds":220,"moretools:iron_hammer":1,"minecraft:oak_sapling":50},"minecraft:crafted":{"minecraft:oak_slab":18,"minecraft:crafting_table":1,"minecraft:iron_helmet":1,"minecraft:iron_chestplate":1,"minecraft:iron_boots":1,"moretools:iron_saw":1,"minecraft:iron_axe":4,"minecraft:iron_hoe":7,"minecraft:stick":16,"minecraft:iron_leggings":1},"minecraft:killed":{"minecraft:salmon":1,"minecraft:spider":1,"minecraft:squid":1},"minecraft:mined":{"minecraft:oak_slab":2,"minecraft:brown_mushroom":1,"minecraft:clay":6,"minecraft:short_grass":3,"minecraft:grass_block":9,"minecraft:poppy":2,"minecraft:seagrass":3,"minecraft:carrots":1,"minecraft:birch_log":67,"minecraft:oak_log":359,"minecraft:beetroots":1,"minecraft:gravel":4,"minecraft:sand":475,"minecraft:dirt":337,"minecraft:oak_leaves":17},"minecraft:used":{"minecraft:baked_potato":4,"minecraft:poppy":3,"minecraft:cooked_chicken":12,"minecraft:dirt":269,"minecraft:oak_slab":15,"minecraft:crafting_table":1,"minecraft:carrot":1,"minecraft:iron_hoe":14,"minecraft:oak_log":161,"minecraft:apple":1,"minecraft:diamond_shovel":805,"minecraft:iron_axe":40,"moretools:iron_saw":469,"minecraft:beetroot_seeds":1}},"DataVersion":3955}