{"stats":{"minecraft:broken":{"minecraft:iron_axe":1},"minecraft:dropped":{"minecraft:carrot":1},"minecraft:custom":{"minecraft:time_since_rest":11563,"minecraft:sprint_one_cm":284522,"minecraft:damage_taken":188,"minecraft:walk_one_cm":183597,"minecraft:mob_kills":3,"minecraft:drop":1,"minecraft:damage_dealt":291,"minecraft:swim_one_cm":10735,"minecraft:interact_with_crafting_table":9,"minecraft:fly_one_cm":264031,"minecraft:open_barrel":2,"minecraft:open_chest":43,"minecraft:crouch_one_cm":1566,"minecraft:play_time":70617,"minecraft:sneak_time":503,"minecraft:walk_under_water_one_cm":4987,"minecraft:jump":1032,"minecraft:leave_game":2,"minecraft:time_since_death":70617,"minecraft:walk_on_water_one_cm":4952,"minecraft:sleep_in_bed":6,"minecraft:total_world_time":70617,"minecraft:climb_one_cm":1236,"minecraft:fall_one_cm":19136,"minecraft:inspect_dispenser":2},"minecraft:picked_up":{"minecraft:birch_log":67,"minecraft:stick":37,"minecraft:wheat":177,"minecraft:salmon":1,"minecraft:brown_mushroom":1,"minecraft:oak_log":344,"minecraft:ink_sac":5,"minecraft:carrot":444,"minecraft:dirt":119,"moretools:iron_saw":1,"minecraft:diamond_shovel":1,"minecraft:rotten_flesh":2,"minecraft:beetroot":125,"minecraft:apple":5,"minecraft:beetroot_seeds":220,"minecraft:wheat_seeds":301,"moretools:iron_hammer":1,"minecraft:poppy":2,"minecraft:oak_sapling":50,"minecraft:birch_sapling":1},"minecraft:crafted":{"minecraft:oak_slab":18,"minecraft:iron_boots":1,"minecraft:iron_chestplate":1,"moretools:iron_saw":1,"minecraft:iron_axe":4,"minecraft:crafting_table":1,"minecraft:iron_hoe":5,"minecraft:stick":16,"minecraft:iron_helmet":1,"minecraft:iron_leggings":1},"minecraft:killed":{"minecraft:salmon":1,"minecraft:spider":1,"minecraft:squid":1},"minecraft:mined":{"minecraft:brown_mushroom":1,"minecraft:carrots":1,"minecraft:birch_log":67,"minecraft:short_grass":2,"minecraft:grass_block":5,"minecraft:oak_log":353,"minecraft:poppy":2,"minecraft:beetroots":1,"minecraft:dirt":330,"minecraft:oak_leaves":17},"minecraft:used":{"minecraft:oak_log":132,"minecraft:iron_hoe":14,"minecraft:apple":1,"minecraft:diamond_shovel":307,"minecraft:iron_axe":20,"minecraft:baked_potato":4,"minecraft:poppy":2,"moretools:iron_saw":464,"minecraft:cooked_chicken":8,"minecraft:dirt":15,"minecraft:crafting_table":1,"minecraft:oak_slab":13,"minecraft:beetroot_seeds":1,"minecraft:carrot":1}},"DataVersion":3955}