{"stats":{"minecraft:broken":{"minecraft:iron_axe":1},"minecraft:dropped":{"minecraft:bread":4,"minecraft:oak_slab":5,"minecraft:birch_sapling":2,"minecraft:salmon":1,"minecraft:carrot":1,"minecraft:potato":2,"minecraft:ink_sac":4,"minecraft:white_wool":1},"minecraft:custom":{"minecraft:mob_kills":3,"minecraft:inspect_hopper":3,"minecraft:interact_with_crafting_table":12,"minecraft:open_barrel":3,"minecraft:leave_game":2,"minecraft:time_since_death":118617,"minecraft:sleep_in_bed":7,"minecraft:climb_one_cm":1236,"minecraft:time_since_rest":45233,"minecraft:sprint_one_cm":381867,"minecraft:walk_one_cm":290748,"minecraft:damage_taken":431,"minecraft:drop":16,"minecraft:damage_dealt":291,"minecraft:swim_one_cm":72436,"minecraft:fly_one_cm":436634,"minecraft:open_chest":75,"minecraft:crouch_one_cm":1574,"minecraft:play_time":118617,"minecraft:sneak_time":1189,"minecraft:walk_under_water_one_cm":41586,"minecraft:jump":1663,"minecraft:walk_on_water_one_cm":53209,"minecraft:total_world_time":118617,"minecraft:fall_one_cm":26185,"minecraft:inspect_dispenser":2},"minecraft:picked_up":{"minecraft:birch_log":67,"minecraft:magma_block":8,"minecraft:wheat":177,"minecraft:clay_ball":264,"minecraft:salmon":1,"minecraft:brown_mushroom":1,"minecraft:potato":2,"minecraft:flint":1,"minecraft:oak_log":347,"minecraft:lapis_lazuli":12,"minecraft:raw_copper":51,"minecraft:dirt":138,"moretools:iron_saw":1,"minecraft:apple":5,"minecraft:beetroot":125,"minecraft:wheat_seeds":301,"minecraft:poppy":2,"minecraft:birch_sapling":2,"minecraft:oak_slab":2,"minecraft:stick":37,"travelersbackpack:squid":1,"minecraft:oak_door":4,"minecraft:torch":1,"minecraft:gravel":3,"minecraft:sand":599,"minecraft:ink_sac":7,"minecraft:diorite":6,"minecraft:carrot":452,"travelersbackpack:hose":1,"minecraft:diamond_shovel":1,"minecraft:rotten_flesh":2,"minecraft:beetroot_seeds":220,"moretools:iron_hammer":1,"minecraft:oak_sapling":50,"minecraft:cobblestone":65},"minecraft:crafted":{"minecraft:oak_door":6,"minecraft:oak_slab":18,"minecraft:crafting_table":1,"minecraft:oak_pressure_plate":4,"minecraft:iron_helmet":1,"minecraft:iron_chestplate":1,"minecraft:iron_boots":1,"moretools:iron_saw":1,"minecraft:iron_axe":4,"minecraft:iron_hoe":7,"minecraft:stick":16,"minecraft:chest":1,"minecraft:iron_leggings":1},"minecraft:killed":{"minecraft:salmon":1,"minecraft:spider":1,"minecraft:squid":1},"minecraft:mined":{"minecraft:oak_slab":2,"minecraft:brown_mushroom":1,"minecraft:oak_door":4,"minecraft:clay":78,"minecraft:torch":1,"minecraft:short_grass":3,"minecraft:grass_block":9,"minecraft:poppy":2,"minecraft:copper_ore":17,"minecraft:lapis_ore":2,"minecraft:diorite":6,"minecraft:seagrass":3,"minecraft:magma_block":10,"minecraft:carrots":3,"minecraft:birch_log":67,"minecraft:oak_log":359,"minecraft:beetroots":1,"minecraft:gravel":4,"minecraft:sand":602,"minecraft:dirt":345,"minecraft:stone":74,"minecraft:oak_leaves":17},"minecraft:used":{"minecraft:baked_potato":4,"minecraft:poppy":3,"minecraft:chest":1,"moretools:iron_hammer":109,"minecraft:cooked_chicken":16,"minecraft:oak_door":8,"minecraft:torch":1,"minecraft:dirt":302,"minecraft:oak_slab":15,"minecraft:crafting_table":1,"minecraft:carrot":1,"minecraft:glass":18,"minecraft:iron_hoe":14,"minecraft:oak_log":161,"minecraft:apple":1,"minecraft:diamond_shovel":1010,"minecraft:iron_axe":55,"travelersbackpack:squid":2,"minecraft:oak_pressure_plate":4,"moretools:iron_saw":469,"minecraft:beetroot_seeds":1,"minecraft:potato":2}},"DataVersion":3955}