{"stats":{"minecraft:broken":{"minecraft:iron_axe":1},"minecraft:dropped":{"minecraft:bread":4,"minecraft:oak_slab":5,"minecraft:birch_sapling":2,"minecraft:salmon":1,"minecraft:carrot":1,"minecraft:potato":2,"minecraft:ink_sac":4,"minecraft:white_wool":1},"minecraft:custom":{"minecraft:mob_kills":3,"minecraft:inspect_hopper":3,"minecraft:interact_with_crafting_table":12,"minecraft:open_barrel":3,"minecraft:leave_game":2,"minecraft:time_since_death":130617,"minecraft:sleep_in_bed":7,"minecraft:climb_one_cm":1236,"minecraft:time_since_rest":57233,"minecraft:sprint_one_cm":418024,"minecraft:walk_one_cm":309240,"minecraft:damage_taken":491,"minecraft:drop":16,"minecraft:damage_dealt":291,"minecraft:swim_one_cm":103359,"minecraft:fly_one_cm":505486,"minecraft:open_chest":78,"minecraft:crouch_one_cm":1575,"minecraft:play_time":130617,"minecraft:sneak_time":1259,"minecraft:walk_under_water_one_cm":47117,"minecraft:jump":1916,"minecraft:walk_on_water_one_cm":53794,"minecraft:total_world_time":130617,"minecraft:fall_one_cm":33669,"minecraft:inspect_dispenser":2},"minecraft:picked_up":{"minecraft:birch_log":67,"minecraft:crafting_table":1,"minecraft:magma_block":15,"minecraft:wheat":177,"minecraft:clay_ball":308,"minecraft:salmon":1,"minecraft:brown_mushroom":1,"minecraft:potato":2,"minecraft:flint":1,"minecraft:oak_log":347,"minecraft:lapis_lazuli":12,"minecraft:raw_copper":90,"minecraft:dirt":138,"moretools:iron_saw":1,"minecraft:apple":5,"minecraft:beetroot":125,"minecraft:wheat_seeds":301,"minecraft:poppy":2,"minecraft:birch_sapling":2,"minecraft:oak_slab":2,"minecraft:stick":37,"travelersbackpack:squid":1,"minecraft:oak_door":4,"minecraft:torch":1,"minecraft:gravel":3,"minecraft:sand":602,"minecraft:ink_sac":7,"minecraft:diorite":8,"minecraft:carrot":452,"travelersbackpack:hose":1,"minecraft:diamond_shovel":1,"minecraft:rotten_flesh":2,"minecraft:beetroot_seeds":220,"moretools:iron_hammer":1,"minecraft:oak_sapling":50,"minecraft:cobblestone":85},"minecraft:crafted":{"minecraft:oak_door":6,"minecraft:oak_slab":18,"minecraft:crafting_table":1,"minecraft:oak_pressure_plate":4,"minecraft:iron_helmet":1,"minecraft:cobblestone_stairs":52,"minecraft:iron_chestplate":1,"minecraft:iron_boots":1,"moretools:iron_saw":1,"minecraft:iron_axe":4,"minecraft:iron_hoe":7,"minecraft:stick":16,"minecraft:chest":1,"minecraft:iron_leggings":1},"minecraft:killed":{"minecraft:salmon":1,"minecraft:spider":1,"minecraft:squid":1},"minecraft:mined":{"minecraft:oak_slab":2,"minecraft:brown_mushroom":1,"minecraft:oak_door":4,"minecraft:crafting_table":1,"minecraft:clay":89,"minecraft:torch":1,"minecraft:short_grass":3,"minecraft:grass_block":9,"minecraft:poppy":2,"minecraft:copper_ore":28,"minecraft:lapis_ore":2,"minecraft:diorite":11,"minecraft:seagrass":3,"minecraft:magma_block":17,"minecraft:carrots":3,"minecraft:birch_log":67,"minecraft:oak_log":359,"minecraft:beetroots":1,"minecraft:gravel":4,"minecraft:sand":605,"minecraft:dirt":345,"minecraft:stone":97,"minecraft:oak_leaves":17},"minecraft:used":{"minecraft:cobblestone_stairs":4,"minecraft:baked_potato":4,"minecraft:poppy":3,"minecraft:chest":1,"moretools:iron_hammer":155,"minecraft:cooked_chicken":18,"minecraft:oak_door":8,"minecraft:torch":1,"minecraft:dirt":303,"minecraft:oak_slab":15,"minecraft:crafting_table":1,"minecraft:carrot":1,"minecraft:glass":18,"minecraft:iron_hoe":14,"minecraft:oak_log":164,"minecraft:apple":1,"minecraft:diamond_shovel":1024,"minecraft:iron_axe":58,"travelersbackpack:squid":2,"minecraft:oak_pressure_plate":4,"moretools:iron_saw":469,"minecraft:beetroot_seeds":1,"minecraft:glass_pane":12,"minecraft:potato":2}},"DataVersion":3955}