{"stats":{"minecraft:broken":{"minecraft:iron_axe":1},"minecraft:dropped":{"minecraft:carrot":1},"minecraft:custom":{"minecraft:time_since_rest":5544,"minecraft:sprint_one_cm":86087,"minecraft:damage_taken":110,"minecraft:walk_one_cm":62035,"minecraft:drop":1,"minecraft:swim_one_cm":2908,"minecraft:interact_with_crafting_table":3,"minecraft:fly_one_cm":107240,"minecraft:open_barrel":1,"minecraft:open_chest":30,"minecraft:crouch_one_cm":239,"minecraft:play_time":28617,"minecraft:sneak_time":53,"minecraft:walk_under_water_one_cm":575,"minecraft:jump":437,"minecraft:leave_game":2,"minecraft:time_since_death":28617,"minecraft:walk_on_water_one_cm":1174,"minecraft:sleep_in_bed":2,"minecraft:total_world_time":28617,"minecraft:climb_one_cm":1236,"minecraft:fall_one_cm":11420,"minecraft:inspect_dispenser":2},"minecraft:picked_up":{"minecraft:birch_log":32,"minecraft:stick":5,"minecraft:oak_log":117,"minecraft:carrot":1,"moretools:iron_saw":1,"minecraft:apple":1,"moretools:iron_hammer":1,"minecraft:poppy":1,"minecraft:oak_sapling":2},"minecraft:crafted":{"minecraft:iron_boots":1,"minecraft:iron_chestplate":1,"moretools:iron_saw":1,"minecraft:iron_axe":3,"minecraft:stick":8,"minecraft:iron_helmet":1,"minecraft:iron_leggings":1},"minecraft:mined":{"minecraft:birch_log":32,"minecraft:oak_log":126,"minecraft:poppy":1,"minecraft:oak_leaves":2},"minecraft:used":{"minecraft:apple":1,"minecraft:iron_axe":11,"minecraft:baked_potato":2,"minecraft:poppy":1,"moretools:iron_saw":172,"minecraft:cooked_chicken":3}},"DataVersion":3955}