{"stats":{"minecraft:used":{"minecraft:iron_axe":11,"moretools:iron_saw":13,"minecraft:cooked_chicken":3},"minecraft:dropped":{"minecraft:carrot":1},"minecraft:custom":{"minecraft:time_since_rest":5481,"minecraft:open_chest":11,"minecraft:play_time":14821,"minecraft:sprint_one_cm":39423,"minecraft:damage_taken":90,"minecraft:walk_one_cm":40982,"minecraft:sneak_time":7,"minecraft:walk_under_water_one_cm":401,"minecraft:drop":1,"minecraft:jump":215,"minecraft:leave_game":2,"minecraft:time_since_death":14821,"minecraft:walk_on_water_one_cm":661,"minecraft:sleep_in_bed":1,"minecraft:total_world_time":14821,"minecraft:climb_one_cm":1236,"minecraft:swim_one_cm":942,"minecraft:fall_one_cm":6638,"minecraft:fly_one_cm":52550,"minecraft:inspect_dispenser":2},"minecraft:broken":{"minecraft:iron_axe":1},"minecraft:picked_up":{"moretools:iron_saw":1,"minecraft:stick":2,"minecraft:oak_log":21,"minecraft:carrot":1},"minecraft:mined":{"minecraft:oak_log":21,"minecraft:oak_leaves":1}},"DataVersion":3955}