{"stats":{"minecraft:broken":{"minecraft:iron_axe":1},"minecraft:dropped":{"minecraft:bread":4,"minecraft:oak_slab":5,"minecraft:birch_sapling":2,"minecraft:salmon":1,"minecraft:carrot":1,"minecraft:potato":2,"minecraft:ink_sac":4,"minecraft:white_wool":1},"minecraft:custom":{"minecraft:mob_kills":4,"minecraft:inspect_hopper":3,"minecraft:interact_with_crafting_table":12,"minecraft:open_barrel":3,"minecraft:leave_game":3,"minecraft:time_since_death":161685,"minecraft:sleep_in_bed":8,"minecraft:climb_one_cm":1236,"minecraft:time_since_rest":1743,"minecraft:sprint_one_cm":481730,"minecraft:walk_one_cm":378984,"minecraft:damage_taken":513,"minecraft:drop":16,"minecraft:damage_dealt":491,"minecraft:swim_one_cm":103359,"minecraft:fly_one_cm":602471,"minecraft:open_chest":93,"minecraft:crouch_one_cm":2147,"minecraft:play_time":161685,"minecraft:sneak_time":1462,"minecraft:walk_under_water_one_cm":47117,"minecraft:jump":2301,"minecraft:walk_on_water_one_cm":53794,"minecraft:total_world_time":161685,"minecraft:fall_one_cm":41340,"minecraft:inspect_dispenser":2},"minecraft:picked_up":{"minecraft:birch_log":67,"minecraft:crafting_table":1,"minecraft:magma_block":15,"minecraft:wheat":177,"minecraft:clay_ball":308,"minecraft:salmon":1,"minecraft:brown_mushroom":1,"minecraft:potato":2,"minecraft:flint":1,"minecraft:oak_log":347,"minecraft:lapis_lazuli":12,"minecraft:raw_copper":90,"minecraft:dirt":160,"moretools:iron_saw":1,"minecraft:apple":5,"minecraft:beetroot":125,"minecraft:wheat_seeds":301,"minecraft:poppy":2,"minecraft:birch_sapling":2,"minecraft:oak_slab":2,"minecraft:stick":39,"travelersbackpack:squid":1,"minecraft:oak_door":4,"minecraft:torch":1,"minecraft:gravel":3,"minecraft:sand":602,"minecraft:spruce_sapling":4,"minecraft:spruce_log":12,"minecraft:ink_sac":7,"minecraft:diorite":8,"minecraft:carrot":452,"travelersbackpack:hose":1,"minecraft:diamond_shovel":1,"minecraft:rotten_flesh":4,"minecraft:beetroot_seeds":220,"moretools:iron_hammer":1,"minecraft:bone_meal":16,"minecraft:oak_sapling":50,"minecraft:cobblestone":85},"minecraft:crafted":{"minecraft:oak_door":6,"minecraft:oak_planks":56,"minecraft:oak_slab":18,"minecraft:crafting_table":1,"minecraft:oak_pressure_plate":4,"minecraft:iron_helmet":1,"minecraft:cobblestone_stairs":52,"minecraft:bone_meal":6,"minecraft:iron_chestplate":1,"minecraft:iron_boots":1,"moretools:iron_saw":1,"minecraft:iron_axe":4,"minecraft:iron_hoe":7,"minecraft:stick":16,"minecraft:chest":1,"minecraft:iron_leggings":1},"minecraft:killed":{"minecraft:salmon":1,"minecraft:spider":1,"minecraft:squid":1,"minecraft:zombie":1},"minecraft:mined":{"minecraft:oak_slab":2,"minecraft:glass_pane":1,"minecraft:brown_mushroom":1,"minecraft:oak_door":4,"minecraft:crafting_table":1,"minecraft:clay":89,"minecraft:torch":1,"minecraft:short_grass":4,"minecraft:grass_block":9,"minecraft:poppy":2,"minecraft:copper_ore":28,"minecraft:spruce_leaves":52,"minecraft:lapis_ore":2,"minecraft:diorite":11,"minecraft:seagrass":3,"minecraft:magma_block":17,"minecraft:carrots":3,"minecraft:birch_log":67,"minecraft:spruce_log":12,"minecraft:oak_log":359,"minecraft:beetroots":1,"minecraft:gravel":4,"minecraft:sand":605,"minecraft:dirt":367,"minecraft:stone":97,"minecraft:oak_leaves":17},"minecraft:used":{"minecraft:cobblestone_stairs":38,"minecraft:oak_planks":29,"minecraft:baked_potato":4,"minecraft:poppy":3,"minecraft:chest":1,"moretools:iron_hammer":155,"minecraft:cooked_chicken":22,"minecraft:oak_door":8,"minecraft:torch":1,"minecraft:dirt":326,"minecraft:oak_slab":15,"minecraft:crafting_table":1,"minecraft:carrot":1,"minecraft:glass":18,"minecraft:iron_hoe":14,"minecraft:oak_log":175,"minecraft:apple":1,"minecraft:diamond_shovel":1047,"minecraft:iron_axe":60,"travelersbackpack:squid":6,"minecraft:oak_pressure_plate":4,"minecraft:spruce_sapling":4,"moretools:iron_saw":484,"minecraft:cobblestone":32,"minecraft:beetroot_seeds":348,"minecraft:glass_pane":38,"minecraft:potato":2,"minecraft:bone_meal":6}},"DataVersion":3955}