{"stats":{"minecraft:broken":{"minecraft:iron_axe":1},"minecraft:dropped":{"minecraft:carrot":1},"minecraft:custom":{"minecraft:time_since_rest":9190,"minecraft:sprint_one_cm":159690,"minecraft:damage_taken":130,"minecraft:walk_one_cm":113358,"minecraft:mob_kills":2,"minecraft:drop":1,"minecraft:damage_dealt":130,"minecraft:swim_one_cm":10735,"minecraft:interact_with_crafting_table":8,"minecraft:fly_one_cm":158503,"minecraft:open_barrel":2,"minecraft:open_chest":39,"minecraft:crouch_one_cm":1492,"minecraft:play_time":46617,"minecraft:sneak_time":409,"minecraft:walk_under_water_one_cm":4987,"minecraft:jump":615,"minecraft:leave_game":2,"minecraft:time_since_death":46617,"minecraft:walk_on_water_one_cm":4080,"minecraft:sleep_in_bed":4,"minecraft:total_world_time":46617,"minecraft:climb_one_cm":1236,"minecraft:fall_one_cm":12869,"minecraft:inspect_dispenser":2},"minecraft:picked_up":{"minecraft:birch_log":50,"minecraft:stick":5,"minecraft:wheat":177,"minecraft:salmon":1,"minecraft:oak_log":117,"minecraft:ink_sac":5,"minecraft:carrot":444,"minecraft:dirt":24,"moretools:iron_saw":1,"minecraft:diamond_shovel":1,"minecraft:beetroot":125,"minecraft:apple":1,"minecraft:beetroot_seeds":220,"minecraft:wheat_seeds":301,"moretools:iron_hammer":1,"minecraft:poppy":2,"minecraft:oak_sapling":2},"minecraft:crafted":{"minecraft:oak_slab":18,"minecraft:iron_boots":1,"minecraft:iron_chestplate":1,"moretools:iron_saw":1,"minecraft:iron_axe":3,"minecraft:iron_hoe":5,"minecraft:stick":16,"minecraft:iron_helmet":1,"minecraft:iron_leggings":1},"minecraft:killed":{"minecraft:salmon":1,"minecraft:squid":1},"minecraft:mined":{"minecraft:carrots":1,"minecraft:birch_log":50,"minecraft:oak_log":126,"minecraft:poppy":2,"minecraft:beetroots":1,"minecraft:dirt":172,"minecraft:oak_leaves":2},"minecraft:used":{"minecraft:iron_hoe":14,"minecraft:apple":1,"minecraft:diamond_shovel":141,"minecraft:iron_axe":11,"minecraft:baked_potato":3,"minecraft:poppy":2,"moretools:iron_saw":193,"minecraft:cooked_chicken":3,"minecraft:dirt":1,"minecraft:oak_slab":13,"minecraft:beetroot_seeds":1,"minecraft:carrot":1}},"DataVersion":3955}