{"stats":{"minecraft:broken":{"minecraft:iron_axe":1},"minecraft:dropped":{"minecraft:carrot":1},"minecraft:custom":{"minecraft:open_chest":11,"minecraft:time_since_rest":7277,"minecraft:sprint_one_cm":44260,"minecraft:play_time":16617,"minecraft:damage_taken":110,"minecraft:walk_one_cm":42536,"minecraft:sneak_time":7,"minecraft:walk_under_water_one_cm":401,"minecraft:drop":1,"minecraft:jump":247,"minecraft:leave_game":2,"minecraft:walk_on_water_one_cm":661,"minecraft:time_since_death":16617,"minecraft:sleep_in_bed":1,"minecraft:climb_one_cm":1236,"minecraft:total_world_time":16617,"minecraft:swim_one_cm":942,"minecraft:fall_one_cm":7540,"minecraft:fly_one_cm":60745,"minecraft:inspect_dispenser":2},"minecraft:picked_up":{"moretools:iron_saw":1,"minecraft:stick":2,"minecraft:oak_log":21,"minecraft:carrot":1},"minecraft:mined":{"minecraft:oak_log":21,"minecraft:oak_leaves":1},"minecraft:used":{"minecraft:iron_axe":11,"moretools:iron_saw":13,"minecraft:cooked_chicken":3}},"DataVersion":3955}