{"stats":{"minecraft:broken":{"minecraft:iron_axe":1},"minecraft:dropped":{"minecraft:birch_sapling":2,"minecraft:carrot":1},"minecraft:custom":{"minecraft:time_since_rest":9233,"minecraft:sprint_one_cm":307880,"minecraft:damage_taken":208,"minecraft:walk_one_cm":214141,"minecraft:mob_kills":3,"minecraft:drop":3,"minecraft:damage_dealt":291,"minecraft:swim_one_cm":25374,"minecraft:interact_with_crafting_table":9,"minecraft:fly_one_cm":312005,"minecraft:open_barrel":3,"minecraft:open_chest":52,"minecraft:crouch_one_cm":1566,"minecraft:play_time":82617,"minecraft:sneak_time":555,"minecraft:walk_under_water_one_cm":9369,"minecraft:jump":1222,"minecraft:leave_game":2,"minecraft:time_since_death":82617,"minecraft:walk_on_water_one_cm":24789,"minecraft:sleep_in_bed":7,"minecraft:total_world_time":82617,"minecraft:climb_one_cm":1236,"minecraft:fall_one_cm":22257,"minecraft:inspect_dispenser":2},"minecraft:picked_up":{"minecraft:birch_log":67,"minecraft:oak_slab":2,"minecraft:stick":37,"minecraft:wheat":177,"minecraft:clay_ball":24,"minecraft:salmon":1,"minecraft:brown_mushroom":1,"minecraft:sand":379,"minecraft:oak_log":347,"minecraft:ink_sac":7,"minecraft:carrot":444,"minecraft:dirt":124,"moretools:iron_saw":1,"minecraft:diamond_shovel":1,"minecraft:rotten_flesh":2,"minecraft:beetroot":125,"minecraft:apple":5,"minecraft:beetroot_seeds":220,"minecraft:wheat_seeds":301,"moretools:iron_hammer":1,"minecraft:poppy":2,"minecraft:oak_sapling":50,"minecraft:birch_sapling":2},"minecraft:crafted":{"minecraft:oak_slab":18,"minecraft:iron_boots":1,"minecraft:iron_chestplate":1,"moretools:iron_saw":1,"minecraft:iron_axe":4,"minecraft:crafting_table":1,"minecraft:iron_hoe":7,"minecraft:stick":16,"minecraft:iron_helmet":1,"minecraft:iron_leggings":1},"minecraft:killed":{"minecraft:salmon":1,"minecraft:spider":1,"minecraft:squid":1},"minecraft:mined":{"minecraft:seagrass":3,"minecraft:oak_slab":2,"minecraft:brown_mushroom":1,"minecraft:carrots":1,"minecraft:birch_log":67,"minecraft:clay":6,"minecraft:short_grass":3,"minecraft:grass_block":9,"minecraft:oak_log":359,"minecraft:poppy":2,"minecraft:beetroots":1,"minecraft:sand":397,"minecraft:dirt":331,"minecraft:oak_leaves":17},"minecraft:used":{"minecraft:oak_log":161,"minecraft:iron_hoe":14,"minecraft:apple":1,"minecraft:diamond_shovel":718,"minecraft:iron_axe":40,"minecraft:baked_potato":4,"minecraft:poppy":2,"moretools:iron_saw":469,"minecraft:cooked_chicken":10,"minecraft:dirt":51,"minecraft:crafting_table":1,"minecraft:oak_slab":15,"minecraft:beetroot_seeds":1,"minecraft:carrot":1}},"DataVersion":3955}